{
  "type": "FeatureCollection",
  "generator": "overpass-turbo",
  "copyright": "The data included in this document is from www.openstreetmap.org. The data is made available under ODbL.",
  "timestamp": "2026-09-09T09:15:35Z",
  "features": [
    {
      "type": "Feature",
      "properties": {
        "@id": "way/1421918475",
        "public_transport": "station",
        "railway": "station",
        "train": "yes"
      },
      "geometry": {
        "type": "Polygon",
        "coordinates": [
          [
            [
              110.4999064,
              -7.7565096
            ],
            [
              110.5002785,
              -7.7565463
            ],
            [
              110.5004694,
              -7.7565651
            ],
            [
              110.5008664,
              -7.7566043
            ],
            [
              110.5008742,
              -7.7564772
            ],
            [
              110.5006261,
              -7.7564597
            ],
            [
              110.5006268,
              -7.7564462
            ],
            [
              110.5006315,
              -7.7563571
            ],
            [
              110.5003019,
              -7.7563326
            ],
            [
              110.500296,
              -7.7564068
            ],
            [
              110.4999178,
              -7.7563712
            ],
            [
              110.4999064,
              -7.7565096
            ]
          ]
        ]
      },
      "id": "way/1421918475"
    },
    {
      "type": "Feature",
      "properties": {
        "@id": "way/1421922948",
        "operator": "PT Kereta Api Indonesia (Persero)",
        "public_transport": "station",
        "railway": "station",
        "train": "yes"
      },
      "geometry": {
        "type": "Polygon",
        "coordinates": [
          [
            [
              110.3244926,
              -7.790997
            ],
            [
              110.3251235,
              -7.7908832
            ],
            [
              110.3251366,
              -7.7909597
            ],
            [
              110.3251425,
              -7.7909974
            ],
            [
              110.3256138,
              -7.7909067
            ],
            [
              110.3256009,
              -7.7908452
            ],
            [
              110.3256511,
              -7.7908364
            ],
            [
              110.3256418,
              -7.7907882
            ],
            [
              110.3260956,
              -7.7907051
            ],
            [
              110.326063,
              -7.7905225
            ],
            [
              110.3244604,
              -7.7908135
            ],
            [
              110.3244926,
              -7.790997
            ]
          ]
        ]
      },
      "id": "way/1421922948"
    },
    {
      "type": "Feature",
      "properties": {
        "@id": "node/204537445",
        "ele": "93",
        "name": "Depok Baru",
        "name:th": "เดปกบารู",
        "network": "KAI Commuter",
        "network:wikidata": "Q12501611",
        "operator": "PT Kereta Api Indonesia",
        "operator:website": "https://www.kai.id",
        "operator:wikidata": "Q2745027",
        "public_transport": "station",
        "railway": "station",
        "railway:ref": "DPB",
        "train": "yes",
        "wikidata": "Q2204869",
        "wikipedia": "id:Stasiun Depok Baru"
      },
      "geometry": {
        "type": "Point",
        "coordinates": [
          106.8216412,
          -6.3911293
        ]
      },
      "id": "node/204537445"
    },
    {
      "type": "Feature",
      "properties": {
        "@id": "node/274807794",
        "ele": "7",
        "name": "Ketapang",
        "network": "KAI",
        "network:wikidata": "Q2745027",
        "old_name": "Banyuwangi Baru",
        "public_transport": "station",
        "railway": "station",
        "railway:ref": "KTG",
        "train": "yes",
        "wheelchair": "limited",
        "wikidata": "Q2398579",
        "wikipedia": "id:Stasiun Ketapang (Banyuwangi)",
        "wikipedia:id": "Stasiun Banyuwangi Baru"
      },
      "geometry": {
        "type": "Point",
        "coordinates": [
          114.3971314,
          -8.1411712
        ]
      },
      "id": "node/274807794"
    },
    {
      "type": "Feature",
      "properties": {
        "@id": "node/298576238",
        "ele": "176",
        "name": "Kotok",
        "network": "KAI",
        "network:wikidata": "Q2745027",
        "public_transport": "station",
        "railway": "station",
        "railway:ref": "KTK",
        "train": "yes",
        "wikidata": "Q3249401",
        "wikipedia": "id:Stasiun Kotok"
      },
      "geometry": {
        "type": "Point",
        "coordinates": [
          113.779076,
          -8.1261718
        ]
      },
      "id": "node/298576238"
    },
    {
      "type": "Feature",
      "properties": {
        "@id": "node/298576462",
        "ele": "141",
        "name": "Arjasa",
        "network": "KAI",
        "network:wikidata": "Q2745027",
        "public_transport": "station",
        "railway": "station",
        "railway:ref": "AJ",
        "train": "yes",
        "wikidata": "Q2343202",
        "wikipedia": "id:Stasiun Arjasa"
      },
      "geometry": {
        "type": "Point",
        "coordinates": [
          113.7428099,
          -8.1294312
        ]
      },
      "id": "node/298576462"
    },
    {
      "type": "Feature",
      "properties": {
        "@id": "node/298579276",
        "ele": "30",
        "name": "Tanggul",
        "network": "KAI",
        "network:wikidata": "Q2745027",
        "public_transport": "station",
        "railway": "station",
        "railway:ref": "TGL",
        "train": "yes",
        "wheelchair": "yes",
        "wikidata": "Q2961235",
        "wikipedia": "id:Stasiun Tanggul",
        "wikipedia:id": "Stasiun Tanggul"
      },
      "geometry": {
        "type": "Point",
        "coordinates": [
          113.4482705,
          -8.1627667
        ]
      },
      "id": "node/298579276"
    },
    {
      "type": "Feature",
      "properties": {
        "@id": "node/298580451",
        "ele": "58",
        "name": "Randuagung",
        "network": "KAI",
        "network:wikidata": "Q2745027",
        "public_transport": "station",
        "railway": "station",
        "railway:ref": "RDA",
        "train": "yes",
        "wikidata": "Q19752857",
        "wikipedia": "id:Stasiun Randuagung",
        "wikipedia:id": "Stasiun Randuagung"
      },
      "geometry": {
        "type": "Point",
        "coordinates": [
          113.3052123,
          -8.0701298
        ]
      },
      "id": "node/298580451"
    },
    {
      "type": "Feature",
      "properties": {
        "@id": "node/298582714",
        "ele": "48",
        "name": "Leces",
        "network": "KAI",
        "network:wikidata": "Q2745027",
        "public_transport": "station",
        "railway": "station",
        "railway:ref": "LEC",
        "train": "yes",
        "wikidata": "Q5629369",
        "wikipedia": "id:Stasiun Leces"
      },
      "geometry": {
        "type": "Point",
        "coordinates": [
          113.2289975,
          -7.8464635
        ]
      },
      "id": "node/298582714"
    },
    {
      "type": "Feature",
      "properties": {
        "@id": "node/298609895",
        "addr:city": "Delanggu",
        "addr:postcode": "57471",
        "addr:street": "Jalan Delanggu",
        "ele": "133",
        "name": "Delanggu",
        "network": "KAI Commuter",
        "network:wikidata": "Q12501611",
        "public_transport": "station",
        "railway": "station",
        "railway:ref": "DL",
        "train": "yes",
        "wikidata": "Q2127216",
        "wikipedia": "id:Stasiun Delanggu"
      },
      "geometry": {
        "type": "Point",
        "coordinates": [
          110.706636,
          -7.6222979
        ]
      },
      "id": "node/298609895"
    },
    {
      "type": "Feature",
      "properties": {
        "@id": "node/298610038",
        "ele": "133",
        "name": "Ceper",
        "network": "KAI Commuter",
        "network:wikidata": "Q12501611",
        "public_transport": "station",
        "railway": "station",
        "railway:ref": "CE",
        "train": "yes",
        "wikidata": "Q2053458",
        "wikipedia": "id:Stasiun Ceper"
      },
      "geometry": {
        "type": "Point",
        "coordinates": [
          110.6748531,
          -7.6689676
        ]
      },
      "id": "node/298610038"
    },
    {
      "type": "Feature",
      "properties": {
        "@id": "node/316465606",
        "addr:city": "Surabaya",
        "ele": "1",
        "name": "Tandes",
        "network": "KAI Commuter",
        "network:wikidata": "Q12501611",
        "operator": "PT Kereta Api Indonesia",
        "public_transport": "station",
        "railway": "station",
        "railway:ref": "TES",
        "source": "HOT_InAWARESurvey_2016",
        "train": "yes",
        "wikidata": "Q12516349",
        "wikipedia": "id:Stasiun Tandes"
      },
      "geometry": {
        "type": "Point",
        "coordinates": [
          112.6870227,
          -7.2588965
        ]
      },
      "id": "node/316465606"
    },
    {
      "type": "Feature",
      "properties": {
        "@id": "node/316739060",
        "alt_name": "Stasiun Tanah Tinggi",
        "ele": "3",
        "name": "Tanah Tinggi",
        "name:th": "ตานะฮ์ติงกี",
        "network": "KAI Commuter",
        "network:wikidata": "Q12501611",
        "public_transport": "station",
        "railway": "station",
        "railway:ref": "TTI",
        "train": "yes",
        "wikidata": "Q19741285",
        "wikipedia": "id:Stasiun Tanah Tinggi"
      },
      "geometry": {
        "type": "Point",
        "coordinates": [
          106.6467095,
          -6.1751701
        ]
      },
      "id": "node/316739060"
    },
    {
      "type": "Feature",
      "properties": {
        "@id": "node/316739175",
        "ele": "18",
        "name": "Tangerang",
        "name:th": "ตาเงอรัง",
        "network": "KAI Commuter",
        "network:wikidata": "Q12501611",
        "public_transport": "station",
        "railway": "station",
        "railway:ref": "TNG",
        "start_date": "1899",
        "train": "yes",
        "wikidata": "Q15051586",
        "wikipedia": "id:Stasiun Tangerang"
      },
      "geometry": {
        "type": "Point",
        "coordinates": [
          106.6320106,
          -6.1769753
        ]
      },
      "id": "node/316739175"
    },
    {
      "type": "Feature",
      "properties": {
        "@id": "node/316743611",
        "addr:city": "RT.1/RW.20, Kranji, Bekasi Barat",
        "addr:housenumber": "7",
        "addr:postcode": "17135",
        "addr:street": "Jalan Sultan Agung",
        "alt_name": "Stasiun Kranji",
        "ele": "18",
        "name": "Kranji",
        "name:en": "Kranji",
        "name:id": "Kranji",
        "network": "KAI Commuter",
        "network:wikidata": "Q12501611",
        "operator": "PT Kereta Api Indonesia",
        "operator:website": "https://www.kai.id",
        "operator:wikidata": "Q2745027",
        "public_transport": "station",
        "railway": "station",
        "railway:ref": "KRI",
        "train": "yes",
        "wheelchair": "yes",
        "wikidata": "Q2465391",
        "wikipedia": "id:Stasiun Kranji"
      },
      "geometry": {
        "type": "Point",
        "coordinates": [
          106.9798267,
          -6.2245133
        ]
      },
      "id": "node/316743611"
    },
    {
      "type": "Feature",
      "properties": {
        "@id": "node/316744738",
        "alt_name": "Stasiun Cibitung",
        "ele": "19",
        "name": "Cibitung",
        "name:en": "Cibitung",
        "name:id": "Cibitung",
        "name:ja": "チビトン",
        "network": "KAI Commuter",
        "network:wikidata": "Q12501611",
        "operator": "KAI Commuter",
        "operator:wikidata": "Q12501611",
        "public_transport": "station",
        "railway": "station",
        "railway:ref": "CIT",
        "train": "yes",
        "wheelchair": "yes",
        "wikidata": "Q2198245",
        "wikipedia": "id:Stasiun Cibitung"
      },
      "geometry": {
        "type": "Point",
        "coordinates": [
          107.0837982,
          -6.2618245
        ]
      },
      "id": "node/316744738"
    },
    {
      "type": "Feature",
      "properties": {
        "@id": "node/316848964",
        "addr:city": "Ciputat, Tangerang",
        "addr:postcode": "15414",
        "addr:street": "Jalan Jombang Raya",
        "alt_name": "Stasiun Sudimara",
        "name": "Sudimara",
        "network": "KAI Commuter",
        "network:wikidata": "Q12501611",
        "operator": "PT Kereta Api Indonesia",
        "public_transport": "station",
        "railway": "station",
        "railway:ref": "SDM",
        "train": "yes",
        "wikidata": "Q12516343",
        "wikipedia": "id:Stasiun Sudimara"
      },
      "geometry": {
        "type": "Point",
        "coordinates": [
          106.7126471,
          -6.2968441
        ]
      },
      "id": "node/316848964"
    },
    {
      "type": "Feature",
      "properties": {
        "@id": "node/318718577",
        "alt_name": "Stasiun Pondok Ranji",
        "ele": "24",
        "name": "Pondok Ranji",
        "network": "KAI Commuter",
        "network:wikidata": "Q12501611",
        "operator": "PT Kereta Api Indonesia",
        "public_transport": "station",
        "railway": "station",
        "railway:ref": "PDJ",
        "train": "yes",
        "wheelchair": "yes",
        "wikidata": "Q12516320",
        "wikipedia": "id:Stasiun Pondok Ranji"
      },
      "geometry": {
        "type": "Point",
        "coordinates": [
          106.7446926,
          -6.2766831
        ]
      },
      "id": "node/318718577"
    },
    {
      "type": "Feature",
      "properties": {
        "@id": "node/318720710",
        "addr:city": "South Tangerang",
        "addr:postcode": "15413",
        "addr:street": "Jl. Sawah Lama, Ciputat",
        "alt_name": "Stasiun Jurangmangu",
        "name": "Jurangmangu",
        "network": "KAI Commuter",
        "network:wikidata": "Q12501611",
        "operator": "PT Kereta Api Indonesia",
        "public_transport": "station",
        "railway": "station",
        "railway:ref": "JMU",
        "train": "yes",
        "wikidata": "Q12516265",
        "wikipedia": "id:Stasiun Jurangmangu"
      },
      "geometry": {
        "type": "Point",
        "coordinates": [
          106.7291463,
          -6.288582
        ]
      },
      "id": "node/318720710"
    },
    {
      "type": "Feature",
      "properties": {
        "@id": "node/318840303",
        "addr:city": "DKI Jakarta",
        "addr:country": "ID",
        "addr:postcode": "12770",
        "addr:street": "Jalan Pengadegan",
        "alt_name": "Stasiun Duren Kalibata",
        "ele": "26",
        "name": "Duren Kalibata",
        "name:th": "ดูเร็นกาลีบาตา",
        "network": "KAI Commuter",
        "network:wikidata": "Q12501611",
        "old_name": "Halte Tjililitan",
        "operator": "PT Kereta Api Indonesia",
        "operator:website": "https://www.kai.id",
        "operator:wikidata": "Q2745027",
        "public_transport": "station",
        "railway": "station",
        "railway:ref": "DRN",
        "source": "HOT_InAWARESurvey_2017",
        "train": "yes",
        "wikidata": "Q13405394",
        "wikipedia": "id:Stasiun Duren Kalibata"
      },
      "geometry": {
        "type": "Point",
        "coordinates": [
          106.8551672,
          -6.2552012
        ]
      },
      "id": "node/318840303"
    },
    {
      "type": "Feature",
      "properties": {
        "@id": "node/318841469",
        "addr:city": "Bogor",
        "addr:country": "ID",
        "addr:housenumber": "53",
        "addr:postcode": "16320",
        "addr:street": "Jalan Raya Citayam",
        "alt_name": "Stasiun Citayam",
        "ele": "120",
        "name": "Citayam",
        "name:th": "จีตายัม",
        "network": "KAI Commuter",
        "network:wikidata": "Q12501611",
        "operator": "PT Kereta Commuter Indonesia",
        "operator:website": "https://www.kai.id",
        "operator:wikidata": "Q2745027",
        "public_transport": "station",
        "railway": "station",
        "ref": "CTA",
        "train": "yes",
        "wheelchair": "yes",
        "wikidata": "Q12516251",
        "wikipedia": "id:Stasiun Citayam"
      },
      "geometry": {
        "type": "Point",
        "coordinates": [
          106.8023619,
          -6.4488237
        ]
      },
      "id": "node/318841469"
    },
    {
      "type": "Feature",
      "properties": {
        "@id": "node/417277392",
        "ele": "9",
        "name": "Bangil",
        "name:zh": "龐毅",
        "network": "KAI",
        "network:wikidata": "Q2745027",
        "public_transport": "station",
        "railway": "station",
        "railway:ref": "BG",
        "train": "yes",
        "wheelchair": "limited",
        "wikidata": "Q2330921",
        "wikipedia": "en:Bangil railway station"
      },
      "geometry": {
        "type": "Point",
        "coordinates": [
          112.7782099,
          -7.5989884
        ]
      },
      "id": "node/417277392"
    },
    {
      "type": "Feature",
      "properties": {
        "@id": "node/534580247",
        "addr:city": "Kedungrejo, Waru, East Java",
        "addr:postcode": "61256",
        "addr:street": "Jl. Raya Waru",
        "ele": "5",
        "name": "Waru",
        "network": "KAI",
        "network:wikidata": "Q2745027",
        "operator": "PT Kereta Api Indonesia",
        "public_transport": "station",
        "railway": "station",
        "railway:ref": "WR",
        "train": "yes",
        "wikidata": "Q19741319",
        "wikipedia": "id:Stasiun Waru"
      },
      "geometry": {
        "type": "Point",
        "coordinates": [
          112.7294182,
          -7.3526552
        ]
      },
      "id": "node/534580247"
    },
    {
      "type": "Feature",
      "properties": {
        "@id": "node/535284215",
        "alt_name": "Stasiun Nagreg",
        "ele": "848",
        "name": "Nagreg",
        "network": "KAI Commuter",
        "network:wikidata": "Q12501611",
        "operator": "PT Kereta Api Indonesia",
        "operator:website": "https://www.kai.id",
        "operator:wikidata": "Q2745027",
        "public_transport": "station",
        "railway": "station",
        "railway:ref": "NG",
        "train": "yes",
        "wikidata": "Q2545438",
        "wikipedia": "id:Stasiun Nagreg"
      },
      "geometry": {
        "type": "Point",
        "coordinates": [
          107.8862641,
          -7.0182363
        ]
      },
      "id": "node/535284215"
    },
    {
      "type": "Feature",
      "properties": {
        "@id": "node/535296011",
        "alt_name": "Stasiun Lebakjero",
        "ele": "818",
        "name": "Lebakjero",
        "name:en": "Lebakjero",
        "name:id": "Lebakjero",
        "network": "KAI",
        "network:wikidata": "Q2745027",
        "operator": "PT Kereta Api Indonesia",
        "operator:wikidata": "Q2745027",
        "public_transport": "station",
        "railway": "station",
        "railway:ref": "LBJ",
        "tourism": "attraction",
        "train": "yes",
        "wikidata": "Q2708881",
        "wikipedia": "id:Stasiun Lebakjero"
      },
      "geometry": {
        "type": "Point",
        "coordinates": [
          107.8939262,
          -7.053697
        ]
      },
      "id": "node/535296011"
    },
    {
      "type": "Feature",
      "properties": {
        "@id": "node/656132766",
        "alt_name": "Stasiun Kedunggedeh",
        "name": "Kedunggedeh",
        "name:en": "Kedunggedeh",
        "name:id": "Kedunggedeh",
        "network": "KAI Commuter",
        "network:wikidata": "Q12501611",
        "operator": "PT Kereta Api Indonesia",
        "operator:website": "https://www.kai.id",
        "operator:wikidata": "Q2745027",
        "public_transport": "station",
        "railway": "station",
        "railway:ref": "KDH",
        "train": "yes",
        "wheelchair": "no",
        "wikidata": "Q4417530",
        "wikipedia": "id:Stasiun Kedunggedeh"
      },
      "geometry": {
        "type": "Point",
        "coordinates": [
          107.2611531,
          -6.2699184
        ]
      },
      "id": "node/656132766"
    },
    {
      "type": "Feature",
      "properties": {
        "@id": "node/719055328",
        "ele": "335",
        "name": "Kepanjen",
        "network": "KAI",
        "network:wikidata": "Q2745027",
        "operator": "KAI",
        "public_transport": "station",
        "railway": "station",
        "railway:ref": "KPN",
        "train": "yes",
        "wikidata": "Q19741045",
        "wikipedia": "id:Stasiun Kepanjen"
      },
      "geometry": {
        "type": "Point",
        "coordinates": [
          112.5733309,
          -8.1320283
        ]
      },
      "id": "node/719055328"
    },
    {
      "type": "Feature",
      "properties": {
        "@id": "node/719055771",
        "ele": "193",
        "name": "Kesamben",
        "network": "KAI",
        "network:wikidata": "Q2745027",
        "public_transport": "station",
        "railway": "station",
        "railway:ref": "KSB",
        "train": "yes",
        "wikidata": "Q2751875",
        "wikipedia": "id:Stasiun Kesamben"
      },
      "geometry": {
        "type": "Point",
        "coordinates": [
          112.3634609,
          -8.1492736
        ]
      },
      "id": "node/719055771"
    },
    {
      "type": "Feature",
      "properties": {
        "@id": "node/719061251",
        "ele": "274",
        "name": "Wlingi",
        "network": "KAI",
        "network:wikidata": "Q2745027",
        "public_transport": "station",
        "railway": "station",
        "railway:ref": "WG",
        "train": "yes",
        "wikidata": "Q2679064",
        "wikipedia": "id:Stasiun Wlingi"
      },
      "geometry": {
        "type": "Point",
        "coordinates": [
          112.319974,
          -8.0883522
        ]
      },
      "id": "node/719061251"
    },
    {
      "type": "Feature",
      "properties": {
        "@id": "node/719068985",
        "ele": "83",
        "name": "Ngadiluwih",
        "network": "KAI Commuter",
        "network:wikidata": "Q12501611",
        "public_transport": "station",
        "railway": "station",
        "railway:ref": "NDL",
        "train": "yes",
        "wikidata": "Q2269941",
        "wikipedia": "id:Stasiun Ngadiluwih"
      },
      "geometry": {
        "type": "Point",
        "coordinates": [
          111.9878878,
          -7.8984826
        ]
      },
      "id": "node/719068985"
    },
    {
      "type": "Feature",
      "properties": {
        "@id": "node/719069369",
        "addr:city": "Kertosono",
        "ele": "43",
        "name": "Kertosono",
        "network": "KAI",
        "network:wikidata": "Q2745027",
        "public_transport": "station",
        "railway": "station",
        "railway:ref": "KTS",
        "train": "yes",
        "wheelchair": "yes",
        "wikidata": "Q2009415",
        "wikipedia": "id:Stasiun Kertosono"
      },
      "geometry": {
        "type": "Point",
        "coordinates": [
          112.1006422,
          -7.5921805
        ]
      },
      "id": "node/719069369"
    },
    {
      "type": "Feature",
      "properties": {
        "@id": "node/719118407",
        "alt_name": "Prambanan",
        "ele": "146",
        "image": "https://photos.app.goo.gl/r8Caxoz3inyNxDig9",
        "name": "Brambanan",
        "network": "KAI Commuter",
        "network:wikidata": "Q12501611",
        "operator": "PT Kereta Api Indonesia (Persero)",
        "public_transport": "station",
        "railway": "station",
        "railway:ref": "BBN",
        "train": "yes",
        "wikidata": "Q2467484",
        "wikipedia": "en:Brambanan railway station"
      },
      "geometry": {
        "type": "Point",
        "coordinates": [
          110.500401,
          -7.7566296
        ]
      },
      "id": "node/719118407"
    },
    {
      "type": "Feature",
      "properties": {
        "@id": "node/969249891",
        "ele": "36",
        "name": "Kedungjati",
        "network": "KAI",
        "network:wikidata": "Q2745027",
        "public_transport": "station",
        "railway": "station",
        "railway:ref": "KEJ",
        "train": "yes",
        "wikidata": "Q2292257",
        "wikipedia": "en:Kedungjati railway station"
      },
      "geometry": {
        "type": "Point",
        "coordinates": [
          110.6356532,
          -7.1635537
        ]
      },
      "id": "node/969249891"
    },
    {
      "type": "Feature",
      "properties": {
        "@id": "node/1091679801",
        "alt_name": "Stasiun Maos",
        "ele": "8",
        "name": "Maos",
        "name:en": "Maos",
        "name:id": "Maos",
        "network": "KAI",
        "network:wikidata": "Q2745027",
        "operator": "PT Kereta Api Indonesia",
        "operator:website": "https://www.kai.id",
        "operator:wikidata": "Q2745027",
        "public_transport": "station",
        "railway": "station",
        "railway:ref": "MA",
        "train": "yes",
        "wikidata": "Q2463178",
        "wikipedia": "en:Maos railway station"
      },
      "geometry": {
        "type": "Point",
        "coordinates": [
          109.1394619,
          -7.6190328
        ]
      },
      "id": "node/1091679801"
    },
    {
      "type": "Feature",
      "properties": {
        "@id": "node/1190110869",
        "addr:city": "Cilegon",
        "addr:district": "Ciwandan",
        "addr:postcode": "42445",
        "addr:province": "Banten",
        "addr:subdistrict": "Tegalratu",
        "ele": "4",
        "name": "Cigading",
        "network": "KAI",
        "network:wikidata": "Q2745027",
        "operator": "PT Kereta Api Logistik",
        "public_transport": "station",
        "railway": "station",
        "railway:ref": "CGD",
        "train": "yes",
        "wikidata": "Q38296101",
        "wikipedia": "id:Stasiun Cigading"
      },
      "geometry": {
        "type": "Point",
        "coordinates": [
          105.9664193,
          -6.0209589
        ]
      },
      "id": "node/1190110869"
    },
    {
      "type": "Feature",
      "properties": {
        "@id": "node/1190110908",
        "alt_name": "Stasiun Cilegon",
        "ele": "14",
        "name": "Cilegon",
        "network": "KAI Commuter",
        "network:wikidata": "Q12501611",
        "operator": "PT Kereta Api Indonesia",
        "public_transport": "station",
        "railway": "station",
        "railway:ref": "CLG",
        "train": "yes",
        "wikidata": "Q19740909",
        "wikipedia": "id:Stasiun Cilegon"
      },
      "geometry": {
        "type": "Point",
        "coordinates": [
          106.053105,
          -6.0197309
        ]
      },
      "id": "node/1190110908"
    },
    {
      "type": "Feature",
      "properties": {
        "@id": "node/1190110909",
        "alt_name": "Stasiun Karangantu;Stasiun Karang Hantu;Stasiun Banten Lama",
        "ele": "4",
        "name": "Karangantu",
        "network": "KAI Commuter",
        "network:wikidata": "Q12501611",
        "operator": "PT Kereta Api Indonesia",
        "public_transport": "station",
        "railway": "station",
        "railway:ref": "KRA",
        "train": "yes",
        "wikidata": "Q2201424",
        "wikipedia": "id:Stasiun Karangantu"
      },
      "geometry": {
        "type": "Point",
        "coordinates": [
          106.1619836,
          -6.0391664
        ]
      },
      "id": "node/1190110909"
    },
    {
      "type": "Feature",
      "properties": {
        "@id": "node/1191728779",
        "name": "Rangkasbitung",
        "network": "KAI Commuter",
        "network:wikidata": "Q12501611",
        "operator": "PT Kereta Api Indonesia",
        "public_transport": "station",
        "railway": "station",
        "railway:ref": "RK",
        "train": "yes",
        "wikidata": "Q16899160",
        "wikipedia": "id:Stasiun Rangkasbitung"
      },
      "geometry": {
        "type": "Point",
        "coordinates": [
          106.2515252,
          -6.3527788
        ]
      },
      "id": "node/1191728779"
    },
    {
      "type": "Feature",
      "properties": {
        "@id": "node/1191729437",
        "alt_name": "Stasiun Tigaraksa",
        "ele": "18",
        "name": "Tigaraksa",
        "network": "KAI Commuter",
        "network:wikidata": "Q12501611",
        "operator": "PT Kereta Api Indonesia",
        "public_transport": "station",
        "railway": "station",
        "railway:ref": "TGS",
        "train": "yes",
        "wikidata": "Q12516357",
        "wikipedia": "id:Stasiun Tigaraksa"
      },
      "geometry": {
        "type": "Point",
        "coordinates": [
          106.4340596,
          -6.328836
        ]
      },
      "id": "node/1191729437"
    },
    {
      "type": "Feature",
      "properties": {
        "@id": "node/1191930466",
        "alt_name": "Stasiun Tenjo",
        "ele": "52",
        "name": "Tenjo",
        "network": "KAI Commuter",
        "network:wikidata": "Q12501611",
        "operator": "PT Kereta Api Indonesia",
        "public_transport": "station",
        "railway": "station",
        "railway:ref": "TEJ",
        "train": "yes",
        "wikidata": "Q19741306",
        "wikipedia": "id:Stasiun Tenjo"
      },
      "geometry": {
        "type": "Point",
        "coordinates": [
          106.4616586,
          -6.3273185
        ]
      },
      "id": "node/1191930466"
    },
    {
      "type": "Feature",
      "properties": {
        "@id": "node/1191930561",
        "ele": "54",
        "name": "Parungpanjang",
        "network": "KAI Commuter",
        "network:wikidata": "Q12501611",
        "operator": "PT Kereta Api Indonesia",
        "public_transport": "station",
        "railway": "station",
        "railway:ref": "PRP",
        "train": "yes",
        "wikidata": "Q2784189",
        "wikipedia": "id:Stasiun Parungpanjang"
      },
      "geometry": {
        "type": "Point",
        "coordinates": [
          106.5698462,
          -6.3443444
        ]
      },
      "id": "node/1191930561"
    },
    {
      "type": "Feature",
      "properties": {
        "@id": "node/1191930671",
        "ele": "50",
        "name": "Daru",
        "network": "KAI Commuter",
        "network:wikidata": "Q12501611",
        "operator": "PT Kereta Api Indonesia",
        "public_transport": "station",
        "railway": "station",
        "railway:ref": "DAR",
        "train": "yes",
        "wikidata": "Q19740928",
        "wikipedia": "id:Stasiun Daru"
      },
      "geometry": {
        "type": "Point",
        "coordinates": [
          106.4925632,
          -6.3379704
        ]
      },
      "id": "node/1191930671"
    },
    {
      "type": "Feature",
      "properties": {
        "@id": "node/1191930747",
        "ele": "47",
        "name": "Cicayur",
        "network": "KAI Commuter",
        "network:wikidata": "Q12501611",
        "operator": "PT Kereta Api Indonesia",
        "public_transport": "station",
        "railway": "station",
        "railway:ref": "CC",
        "train": "yes",
        "wikidata": "Q19740899",
        "wikipedia": "id:Stasiun Cicayur"
      },
      "geometry": {
        "type": "Point",
        "coordinates": [
          106.6189713,
          -6.329683
        ]
      },
      "id": "node/1191930747"
    },
    {
      "type": "Feature",
      "properties": {
        "@id": "node/1191930798",
        "ele": "53",
        "name": "Cilejit",
        "network": "KAI Commuter",
        "network:wikidata": "Q12501611",
        "operator": "PT Kereta Api Indonesia",
        "public_transport": "station",
        "railway": "station",
        "railway:ref": "CJT",
        "train": "yes",
        "wikidata": "Q19740912",
        "wikipedia": "id:Stasiun Cilejit"
      },
      "geometry": {
        "type": "Point",
        "coordinates": [
          106.5096432,
          -6.3542652
        ]
      },
      "id": "node/1191930798"
    },
    {
      "type": "Feature",
      "properties": {
        "@id": "node/1196313145",
        "alt_name": "Stasiun Karangtengah",
        "ele": "477",
        "name": "Karangtengah",
        "network": "KAI",
        "network:wikidata": "Q2745027",
        "operator": "PT Kereta Api Indonesia",
        "operator:website": "https://www.kai.id",
        "operator:wikidata": "Q2745027",
        "public_transport": "station",
        "railway": "station",
        "railway:ref": "KE",
        "train": "yes",
        "wikidata": "Q927034",
        "wikipedia": "id:Stasiun Karangtengah"
      },
      "geometry": {
        "type": "Point",
        "coordinates": [
          106.8224172,
          -6.8963596
        ]
      },
      "id": "node/1196313145"
    },
    {
      "type": "Feature",
      "properties": {
        "@id": "node/1196313268",
        "alt_name": "Stasiun Cibadak",
        "ele": "380",
        "name": "Cibadak",
        "network": "KAI",
        "network:wikidata": "Q2745027",
        "operator": "PT Kereta Api Indonesia",
        "operator:website": "https://www.kai.id",
        "operator:wikidata": "Q2745027",
        "public_transport": "station",
        "railway": "station",
        "railway:ref": "CBD",
        "train": "yes",
        "wikidata": "Q2914962",
        "wikipedia": "id:Stasiun Cibadak"
      },
      "geometry": {
        "type": "Point",
        "coordinates": [
          106.7804342,
          -6.8882892
        ]
      },
      "id": "node/1196313268"
    },
    {
      "type": "Feature",
      "properties": {
        "@id": "node/1196313314",
        "alt_name": "Stasiun Cireungas",
        "ele": "587",
        "name": "Cireungas",
        "network": "KAI",
        "network:wikidata": "Q2745027",
        "operator": "PT Kereta Api Indonesia",
        "operator:website": "https://www.kai.id",
        "operator:wikidata": "Q2745027",
        "public_transport": "station",
        "railway": "station",
        "railway:ref": "CRG",
        "train": "yes",
        "wikidata": "Q19740918",
        "wikimedia_commons": "File:Cireungas Station, 2022.jpg",
        "wikipedia": "id:Stasiun Cireungas"
      },
      "geometry": {
        "type": "Point",
        "coordinates": [
          107.0371604,
          -6.9585506
        ]
      },
      "id": "node/1196313314"
    },
    {
      "type": "Feature",
      "properties": {
        "@id": "node/1226209881",
        "alt_name": "Stasiun Ciranjang",
        "ele": "262",
        "name": "Ciranjang",
        "network": "KAI",
        "network:wikidata": "Q2745027",
        "operator": "PT Kereta Api Indonesia",
        "operator:website": "https://www.kai.id",
        "operator:wikidata": "Q2745027",
        "public_transport": "station",
        "railway": "station",
        "railway:ref": "CRJ",
        "train": "yes",
        "wikidata": "Q2140528",
        "wikipedia": "id:Stasiun Ciranjang"
      },
      "geometry": {
        "type": "Point",
        "coordinates": [
          107.25121,
          -6.8142021
        ]
      },
      "id": "node/1226209881"
    },
    {
      "type": "Feature",
      "properties": {
        "@id": "node/1226209916",
        "alt_name": "Stasiun Cibeber",
        "ele": "456",
        "name": "Cibeber",
        "network": "KAI",
        "network:wikidata": "Q2745027",
        "operator": "PT Kereta Api Indonesia",
        "operator:website": "https://www.kai.id",
        "operator:wikidata": "Q2745027",
        "public_transport": "station",
        "railway": "station",
        "railway:ref": "CBB",
        "train": "yes",
        "wikidata": "Q13368991",
        "wikipedia": "id:Stasiun Cibeber"
      },
      "geometry": {
        "type": "Point",
        "coordinates": [
          107.1211717,
          -6.9375398
        ]
      },
      "id": "node/1226209916"
    },
    {
      "type": "Feature",
      "properties": {
        "@id": "node/1226210092",
        "alt_name": "Stasiun Lampegan",
        "ele": "652",
        "name": "Lampegan",
        "network": "KAI",
        "network:wikidata": "Q2745027",
        "operator": "PT Kereta Api Indonesia",
        "operator:website": "https://www.kai.id",
        "operator:wikidata": "Q2745027",
        "public_transport": "station",
        "railway": "station",
        "railway:ref": "LP",
        "train": "yes",
        "wikidata": "Q12516291",
        "wikipedia": "id:Stasiun Lampegan"
      },
      "geometry": {
        "type": "Point",
        "coordinates": [
          107.0613702,
          -6.94995
        ]
      },
      "id": "node/1226210092"
    },
    {
      "type": "Feature",
      "properties": {
        "@id": "node/1227320035",
        "alt_name": "Stasiun Maswati",
        "ele": "499",
        "name": "Maswati",
        "network": "KAI Commuter",
        "network:wikidata": "Q12501611",
        "operator": "Kereta Api Indonesia",
        "operator:website": "https://www.kai.id",
        "operator:wikidata": "Q2745027",
        "public_transport": "station",
        "railway": "station",
        "railway:ref": "MSI",
        "train": "yes",
        "wheelchair": "no",
        "wikidata": "Q12516303",
        "wikipedia": "id:Stasiun Maswati"
      },
      "geometry": {
        "type": "Point",
        "coordinates": [
          107.4089422,
          -6.7608097
        ]
      },
      "id": "node/1227320035"
    },
    {
      "type": "Feature",
      "properties": {
        "@id": "node/1227320043",
        "alt_name": "Stasiun Rendeh",
        "ele": "447",
        "name": "Rendeh",
        "network": "KAI Commuter",
        "network:wikidata": "Q12501611",
        "operator": "PT Kereta Api Indonesia",
        "operator:website": "https://www.kai.id",
        "operator:wikidata": "Q2745027",
        "public_transport": "station",
        "railway": "station",
        "railway:ref": "RH",
        "train": "yes",
        "wheelchair": "no",
        "wikidata": "Q12516335",
        "wikipedia": "id:Stasiun Rendeh"
      },
      "geometry": {
        "type": "Point",
        "coordinates": [
          107.3985529,
          -6.7362218
        ]
      },
      "id": "node/1227320043"
    },
    {
      "type": "Feature",
      "properties": {
        "@id": "node/1227377761",
        "alt_name": "Stasiun Plered",
        "ele": "257",
        "name": "Plered",
        "network": "KAI Commuter",
        "network:wikidata": "Q12501611",
        "operator": "PT Kereta Api Indonesia",
        "operator:website": "https://www.kai.id",
        "operator:wikidata": "Q2745027",
        "public_transport": "station",
        "railway": "station",
        "railway:ref": "PLD",
        "train": "yes",
        "wheelchair": "no",
        "wikidata": "Q12516317",
        "wikipedia": "id:Stasiun Plered"
      },
      "geometry": {
        "type": "Point",
        "coordinates": [
          107.3913078,
          -6.6409293
        ]
      },
      "id": "node/1227377761"
    },
    {
      "type": "Feature",
      "properties": {
        "@id": "node/1227377934",
        "alt_name": "Stasiun Cikadongdong",
        "ele": "408",
        "name": "Cikadongdong",
        "network": "KAI Commuter",
        "network:wikidata": "Q12501611",
        "operator": "PT Kereta Api Indonesia",
        "operator:website": "https://www.kai.id",
        "operator:wikidata": "Q2745027",
        "public_transport": "station",
        "railway": "station",
        "railway:ref": "CD",
        "train": "yes",
        "wikidata": "Q12516237",
        "wikipedia": "id:Stasiun Cikadongdong"
      },
      "geometry": {
        "type": "Point",
        "coordinates": [
          107.3908287,
          -6.7155099
        ]
      },
      "id": "node/1227377934"
    },
    {
      "type": "Feature",
      "properties": {
        "@id": "node/1228291442",
        "alt_name": "Stasiun Sukatani",
        "ele": "226",
        "name": "Sukatani",
        "network": "KAI Commuter",
        "network:wikidata": "Q12501611",
        "old_name": "Stasiun Bendul;Halte Bendul;Bendul",
        "operator": "PT Kereta Api Indonesia",
        "operator:website": "https://www.kai.id",
        "operator:wikidata": "Q2745027",
        "public_transport": "station",
        "railway": "station",
        "railway:ref": "SUT",
        "train": "yes",
        "wheelchair": "no",
        "wikidata": "Q19748547",
        "wikipedia": "id:Stasiun Sukatani"
      },
      "geometry": {
        "type": "Point",
        "coordinates": [
          107.4084641,
          -6.6108247
        ]
      },
      "id": "node/1228291442"
    },
    {
      "type": "Feature",
      "properties": {
        "@id": "node/1228345071",
        "alt_name": "Stasiun Nambo",
        "ele": "114",
        "name": "Nambo",
        "name:th": "นัมโบ",
        "network": "KAI Commuter",
        "network:wikidata": "Q12501611",
        "operator": "PT Kereta Commuter Indonesia",
        "operator:wikidata": "Q12501611",
        "public_transport": "station",
        "railway": "station",
        "railway:ref": "NMO",
        "train": "yes",
        "wikidata": "Q19741139",
        "wikipedia": "id:Stasiun Nambo"
      },
      "geometry": {
        "type": "Point",
        "coordinates": [
          106.906269,
          -6.466282
        ]
      },
      "id": "node/1228345071"
    },
    {
      "type": "Feature",
      "properties": {
        "@id": "node/1228345121",
        "alt_name": "Stasiun Pondok Rajeg",
        "ele": "121",
        "name": "Pondok Rajeg",
        "name:th": "ปนดกราเจ็ก",
        "network": "KAI Commuter",
        "network:wikidata": "Q12501611",
        "operator": "PT Kereta Commuter Indonesia",
        "operator:wikidata": "Q12501611",
        "public_transport": "station",
        "railway": "station",
        "railway:ref": "PDRG",
        "train": "yes",
        "wikidata": "Q19741208",
        "wikipedia": "id:Stasiun Pondok Rajeg"
      },
      "geometry": {
        "type": "Point",
        "coordinates": [
          106.824296,
          -6.4607829
        ]
      },
      "id": "node/1228345121"
    },
    {
      "type": "Feature",
      "properties": {
        "@id": "node/1228345128",
        "alt_name": "Stasiun Cibinong",
        "ele": "155",
        "name": "Cibinong",
        "name:th": "จีบีนง",
        "network": "KAI Commuter",
        "network:wikidata": "Q12501611",
        "operator": "PT Kereta Commuter Indonesia",
        "operator:wikidata": "Q12501611",
        "public_transport": "station",
        "railway": "station",
        "railway:ref": "CBN",
        "train": "yes",
        "wikidata": "Q12516235",
        "wikipedia": "id:Stasiun Cibinong"
      },
      "geometry": {
        "type": "Point",
        "coordinates": [
          106.8525201,
          -6.4642482
        ]
      },
      "id": "node/1228345128"
    },
    {
      "type": "Feature",
      "properties": {
        "@id": "node/1228413273",
        "alt_name": "Stasiun Dawuan",
        "ele": "31",
        "loc_name": "Stasiun Dawuhan",
        "name": "Dawuan",
        "name:en": "Dawuan",
        "name:id": "Dawuan",
        "network": "KAI Commuter",
        "network:wikidata": "Q12501611",
        "operator": "KAI Commuter",
        "operator:wikidata": "Q12501611",
        "public_transport": "station",
        "railway": "station",
        "railway:ref": "DWN",
        "train": "yes",
        "wikidata": "Q2631801",
        "wikipedia": "id:Stasiun Dawuan"
      },
      "geometry": {
        "type": "Point",
        "coordinates": [
          107.4333466,
          -6.3931077
        ]
      },
      "id": "node/1228413273"
    },
    {
      "type": "Feature",
      "properties": {
        "@id": "node/1228413279",
        "addr:city": "Karawang",
        "addr:postcode": "41312",
        "addr:street": "Jalan Arief Rahman Hakim",
        "alt_name": "Stasiun Karawang",
        "ele": "16",
        "name": "Karawang",
        "name:en": "Karawang",
        "name:id": "Karawang",
        "name:zh": "加拉璜",
        "network": "KAI",
        "network:wikidata": "Q2745027",
        "operator": "PT Kereta Api Indonesia",
        "operator:website": "https://www.kai.id",
        "operator:wikidata": "Q2745027",
        "public_transport": "station",
        "railway": "station",
        "railway:ref": "KW",
        "train": "yes",
        "wheelchair": "limited",
        "wikidata": "Q4870154",
        "wikipedia": "id:Stasiun Karawang"
      },
      "geometry": {
        "type": "Point",
        "coordinates": [
          107.3002592,
          -6.3050826
        ]
      },
      "id": "node/1228413279"
    },
    {
      "type": "Feature",
      "properties": {
        "@id": "node/1228535069",
        "alt_name": "Stasiun Jatibarang",
        "ele": "8",
        "name": "Jatibarang",
        "network": "KAI",
        "network:wikidata": "Q2745027",
        "operator": "PT Kereta Api Indonesia",
        "operator:website": "https://www.kai.id",
        "operator:wikidata": "Q2745027",
        "public_transport": "station",
        "railway": "station",
        "railway:ref": "JTB",
        "train": "yes",
        "wikidata": "Q2246600",
        "wikipedia": "id:Stasiun Jatibarang"
      },
      "geometry": {
        "type": "Point",
        "coordinates": [
          108.3064275,
          -6.4727954
        ]
      },
      "id": "node/1228535069"
    },
    {
      "type": "Feature",
      "properties": {
        "@id": "node/1228535077",
        "alt_name": "Stasiun Haurgeulis",
        "ele": "23",
        "name": "Haurgeulis",
        "network": "KAI",
        "network:wikidata": "Q2745027",
        "operator": "PT Kereta Api Indonesia",
        "operator:website": "https://www.kai.id",
        "operator:wikidata": "Q2745027",
        "public_transport": "station",
        "railway": "station",
        "railway:ref": "HGL",
        "train": "yes",
        "wikidata": "Q2327137",
        "wikipedia": "id:Stasiun Haurgeulis"
      },
      "geometry": {
        "type": "Point",
        "coordinates": [
          107.9409637,
          -6.4585152
        ]
      },
      "id": "node/1228535077"
    },
    {
      "type": "Feature",
      "properties": {
        "@id": "node/1228535085",
        "alt_name": "Stasiun Kertasemaya",
        "ele": "12",
        "name": "Kertasemaya",
        "network": "KAI",
        "network:wikidata": "Q2745027",
        "operator": "PT Kereta Api Indonesia",
        "operator:website": "https://www.kai.id",
        "operator:wikidata": "Q2745027",
        "public_transport": "station",
        "railway": "station",
        "railway:ref": "KTM",
        "train": "yes",
        "wikidata": "Q12516287",
        "wikipedia": "id:Stasiun Kertasemaya"
      },
      "geometry": {
        "type": "Point",
        "coordinates": [
          108.3534068,
          -6.5282809
        ]
      },
      "id": "node/1228535085"
    },
    {
      "type": "Feature",
      "properties": {
        "@id": "node/1228535114",
        "alt_name": "Stasiun Cilegeh",
        "ele": "18",
        "name": "Cilegeh",
        "network": "KAI",
        "network:wikidata": "Q2745027",
        "operator": "PT Kereta Api Indonesia",
        "operator:website": "https://www.kai.id",
        "operator:wikidata": "Q2745027",
        "public_transport": "station",
        "railway": "station",
        "railway:ref": "CLH",
        "train": "yes",
        "wikidata": "Q19740907",
        "wikipedia": "id:Stasiun Cilegeh"
      },
      "geometry": {
        "type": "Point",
        "coordinates": [
          108.0352727,
          -6.4638841
        ]
      },
      "id": "node/1228535114"
    },
    {
      "type": "Feature",
      "properties": {
        "@id": "node/1228535117",
        "alt_name": "Stasiun Kedokangabus",
        "ele": "15",
        "name": "Kadokangabus",
        "network": "KAI",
        "network:wikidata": "Q2745027",
        "operator": "PT Kereta Api Indonesia",
        "operator:website": "https://www.kai.id",
        "operator:wikidata": "Q2745027",
        "public_transport": "station",
        "railway": "station",
        "railway:ref": "KAB",
        "train": "yes",
        "wikidata": "Q12516271",
        "wikipedia": "id:Stasiun Kadokangabus"
      },
      "geometry": {
        "type": "Point",
        "coordinates": [
          108.106814,
          -6.4678704
        ]
      },
      "id": "node/1228535117"
    },
    {
      "type": "Feature",
      "properties": {
        "@id": "node/1228535141",
        "alt_name": "Stasiun Terisi",
        "ele": "12",
        "name": "Terisi",
        "network": "KAI",
        "network:wikidata": "Q2745027",
        "operator": "PT Kereta Api Indonesia",
        "operator:website": "https://www.kai.id",
        "operator:wikidata": "Q2745027",
        "public_transport": "station",
        "railway": "station",
        "railway:ref": "TIS",
        "train": "yes",
        "wikidata": "Q12516356",
        "wikipedia": "id:Stasiun Terisi"
      },
      "geometry": {
        "type": "Point",
        "coordinates": [
          108.161079,
          -6.4699755
        ]
      },
      "id": "node/1228535141"
    },
    {
      "type": "Feature",
      "properties": {
        "@id": "node/1228535143",
        "alt_name": "Stasiun Telagasari",
        "ele": "7",
        "name": "Telagasari",
        "network": "KAI",
        "network:wikidata": "Q2745027",
        "operator": "PT Kereta Api Indonesia",
        "operator:website": "https://www.kai.id",
        "operator:wikidata": "Q2745027",
        "public_transport": "station",
        "railway": "station",
        "railway:ref": "TLS",
        "train": "yes",
        "wikidata": "Q12516354",
        "wikipedia": "id:Stasiun Telagasari"
      },
      "geometry": {
        "type": "Point",
        "coordinates": [
          108.2347449,
          -6.4648138
        ]
      },
      "id": "node/1228535143"
    },
    {
      "type": "Feature",
      "properties": {
        "@id": "node/1228563168",
        "alt_name": "Stasiun Bangoduwa",
        "ele": "8",
        "name": "Bangoduwa",
        "network": "KAI",
        "network:wikidata": "Q2745027",
        "operator": "PT Kereta Api Indonesia",
        "operator:website": "https://www.kai.id",
        "operator:wikidata": "Q2745027",
        "public_transport": "station",
        "railway": "station",
        "railway:ref": "BDW",
        "train": "yes",
        "wikidata": "Q12516220",
        "wikipedia": "id:Stasiun Bangoduwa"
      },
      "geometry": {
        "type": "Point",
        "coordinates": [
          108.4600625,
          -6.6629571
        ]
      },
      "id": "node/1228563168"
    },
    {
      "type": "Feature",
      "properties": {
        "@id": "node/1228563171",
        "alt_name": "Stasiun Cangkring",
        "ele": "7",
        "name": "Cangkring",
        "network": "KAI",
        "network:wikidata": "Q2745027",
        "operator": "PT Kereta Api Indonesia",
        "operator:website": "https://www.kai.id",
        "operator:wikidata": "Q2745027",
        "public_transport": "station",
        "railway": "station",
        "railway:ref": "CNK",
        "train": "yes",
        "wikidata": "Q12516230",
        "wikipedia": "id:Stasiun Cangkring"
      },
      "geometry": {
        "type": "Point",
        "coordinates": [
          108.5007465,
          -6.6794246
        ]
      },
      "id": "node/1228563171"
    },
    {
      "type": "Feature",
      "properties": {
        "@id": "node/1228644985",
        "addr:city": "Bandung",
        "addr:postcode": "40294",
        "alt_name": "Stasiun Cimekar",
        "ele": "668",
        "name": "Cimekar",
        "network": "KAI Commuter",
        "network:wikidata": "Q12501611",
        "operator": "PT Kereta Api Indonesia",
        "operator:website": "https://www.kai.id",
        "operator:wikidata": "Q2745027",
        "public_transport": "station",
        "railway": "station",
        "railway:ref": "CMK",
        "train": "yes",
        "wikidata": "Q12516241",
        "wikipedia": "id:Stasiun Cimekar"
      },
      "geometry": {
        "type": "Point",
        "coordinates": [
          107.7121869,
          -6.9489636
        ]
      },
      "id": "node/1228644985"
    },
    {
      "type": "Feature",
      "properties": {
        "@id": "node/1228645035",
        "addr:city": "Bandung",
        "addr:postcode": "40294",
        "addr:street": "Jalan Stasiun Gedebage",
        "alt_name": "Stasiun Gedebage",
        "ele": "672",
        "name": "Gedebage",
        "network": "KAI Commuter",
        "network:wikidata": "Q12501611",
        "operator": "PT Kereta Api Indonesia",
        "operator:website": "https://www.kai.id",
        "operator:wikidata": "Q2745027",
        "public_transport": "station",
        "railway": "station",
        "railway:ref": "GDB",
        "ref": "GDB",
        "train": "yes",
        "wheelchair": "limited",
        "wikidata": "Q12516256",
        "wikipedia": "id:Stasiun Gedebage"
      },
      "geometry": {
        "type": "Point",
        "coordinates": [
          107.6897945,
          -6.9408346
        ]
      },
      "id": "node/1228645035"
    },
    {
      "type": "Feature",
      "properties": {
        "@id": "node/1228700016",
        "addr:city": "Bandung Regency",
        "addr:postcode": "40394",
        "alt_name": "Stasiun Haurpugur",
        "ele": "689",
        "name": "Haurpugur",
        "network": "KAI Commuter",
        "network:wikidata": "Q12501611",
        "operator": "PT Kereta Api Indonesia",
        "operator:website": "https://www.kai.id",
        "operator:wikidata": "Q2745027",
        "public_transport": "station",
        "railway": "station",
        "railway:ref": "HRP",
        "train": "yes",
        "wikidata": "Q13097258",
        "wikipedia": "id:Stasiun Haurpugur"
      },
      "geometry": {
        "type": "Point",
        "coordinates": [
          107.7991676,
          -6.9805496
        ]
      },
      "id": "node/1228700016"
    },
    {
      "type": "Feature",
      "properties": {
        "@id": "node/1229556924",
        "alt_name": "Stasiun Cibatu",
        "ele": "612",
        "name": "Cibatu",
        "network": "KAI",
        "network:wikidata": "Q2745027",
        "operator": "PT Kereta Api Indonesia",
        "operator:website": "https://www.kai.id",
        "operator:wikidata": "Q2745027",
        "public_transport": "station",
        "railway": "station",
        "railway:ref": "CB",
        "train": "yes",
        "wikidata": "Q12516234",
        "wikipedia": "id:Stasiun Cibatu"
      },
      "geometry": {
        "type": "Point",
        "coordinates": [
          107.9794364,
          -7.1000241
        ]
      },
      "id": "node/1229556924"
    },
    {
      "type": "Feature",
      "properties": {
        "@id": "node/1229557268",
        "alt_name": "Stasiun Cipeundeuy",
        "ele": "772",
        "name": "Cipeundeuy",
        "network": "KAI",
        "network:wikidata": "Q2745027",
        "operator": "PT Kereta Api Indonesia",
        "operator:website": "https://www.kai.id",
        "operator:wikidata": "Q2745027",
        "public_transport": "station",
        "railway": "station",
        "railway:ref": "CPD",
        "train": "yes",
        "wikidata": "Q2669674",
        "wikipedia": "id:Stasiun Cipeundeuy"
      },
      "geometry": {
        "type": "Point",
        "coordinates": [
          108.1006532,
          -7.0935491
        ]
      },
      "id": "node/1229557268"
    },
    {
      "type": "Feature",
      "properties": {
        "@id": "node/1229557303",
        "alt_name": "Stasiun Cirahayu",
        "ele": "619",
        "name": "Cirahayu",
        "network": "KAI",
        "network:wikidata": "Q2745027",
        "operator": "PT Kereta Api Indonesia",
        "operator:website": "https://www.kai.id",
        "operator:wikidata": "Q2745027",
        "public_transport": "station",
        "railway": "station",
        "railway:ref": "CAA",
        "tourism": "attraction",
        "train": "yes",
        "wikidata": "Q12516244",
        "wikipedia": "id:Stasiun Cirahayu"
      },
      "geometry": {
        "type": "Point",
        "coordinates": [
          108.1181141,
          -7.1344559
        ]
      },
      "id": "node/1229557303"
    },
    {
      "type": "Feature",
      "properties": {
        "@id": "node/1229557336",
        "alt_name": "Stasiun Ciawi",
        "ele": "510",
        "name": "Ciawi",
        "network": "KAI",
        "network:wikidata": "Q2745027",
        "operator": "PT Kereta Api Indonesia",
        "operator:website": "https://www.kai.id",
        "operator:wikidata": "Q2745027",
        "public_transport": "station",
        "railway": "station",
        "railway:ref": "CAW",
        "tourism": "attraction",
        "train": "yes",
        "wikidata": "Q19740897",
        "wikipedia": "id:Stasiun Ciawi"
      },
      "geometry": {
        "type": "Point",
        "coordinates": [
          108.1457184,
          -7.1573957
        ]
      },
      "id": "node/1229557336"
    },
    {
      "type": "Feature",
      "properties": {
        "@id": "node/1229557378",
        "alt_name": "Stasiun Bumiwaluya;Stasiun Malangbong;Malangbong",
        "ele": "641",
        "name": "Bumiwaluya",
        "network": "KAI",
        "network:wikidata": "Q2745027",
        "operator": "PT Kereta Api Indonesia",
        "operator:website": "https://www.kai.id",
        "operator:wikidata": "Q2745027",
        "public_transport": "station",
        "railway": "station",
        "railway:ref": "BMW",
        "tourism": "attraction",
        "train": "yes",
        "wheelchair": "no",
        "wikidata": "Q19748470",
        "wikipedia": "id:Stasiun Bumiwaluya"
      },
      "geometry": {
        "type": "Point",
        "coordinates": [
          108.0705853,
          -7.0587259
        ]
      },
      "id": "node/1229557378"
    },
    {
      "type": "Feature",
      "properties": {
        "@id": "node/1229557441",
        "alt_name": "Halte Leuwigoong",
        "ele": "617",
        "name": "Leuwigoong",
        "name:en": "Leuwigoong",
        "network": "KAI Commuter",
        "network:wikidata": "Q12501611",
        "operator": "PT Kereta Api Indonesia",
        "operator:website": "https://www.kai.id",
        "operator:wikidata": "Q2745027",
        "public_transport": "station",
        "railway": "halt",
        "railway:ref": "LO",
        "tourism": "attraction",
        "train": "yes",
        "wikidata": "Q19741083",
        "wikipedia": "id:Halte Leuwigoong"
      },
      "geometry": {
        "type": "Point",
        "coordinates": [
          107.9581854,
          -7.1033308
        ]
      },
      "id": "node/1229557441"
    },
    {
      "type": "Feature",
      "properties": {
        "@id": "node/1229611892",
        "alt_name": "Stasiun Indihiang",
        "ele": "384",
        "name": "Indihiang",
        "network": "KAI",
        "network:wikidata": "Q2745027",
        "operator": "PT Kereta Api Indonesia",
        "operator:website": "https://www.kai.id",
        "operator:wikidata": "Q2745027",
        "public_transport": "station",
        "railway": "station",
        "railway:ref": "IH",
        "tourism": "attraction",
        "train": "yes",
        "wikidata": "Q12516262",
        "wikipedia": "id:Stasiun Indihiang"
      },
      "geometry": {
        "type": "Point",
        "coordinates": [
          108.200856,
          -7.2867472
        ]
      },
      "id": "node/1229611892"
    },
    {
      "type": "Feature",
      "properties": {
        "@id": "node/1229612634",
        "alt_name": "Stasiun Manonjaya",
        "ele": "292",
        "name": "Manonjaya",
        "network": "KAI",
        "network:wikidata": "Q2745027",
        "operator": "PT Kereta Api Indonesia",
        "operator:website": "https://www.kai.id",
        "operator:wikidata": "Q2745027",
        "public_transport": "station",
        "railway": "station",
        "railway:ref": "MNJ",
        "tourism": "attraction",
        "train": "yes",
        "wikidata": "Q19741096",
        "wikipedia": "id:Stasiun Manonjaya"
      },
      "geometry": {
        "type": "Point",
        "coordinates": [
          108.3026508,
          -7.3532178
        ]
      },
      "id": "node/1229612634"
    },
    {
      "type": "Feature",
      "properties": {
        "@id": "node/1229612698",
        "alt_name": "Stasiun Tasikmalaya;Stasiun Tasik;Tasik",
        "ele": "349",
        "name": "Tasikmalaya",
        "network": "KAI",
        "network:wikidata": "Q2745027",
        "operator": "PT Kereta Api Indonesia",
        "operator:website": "https://www.kai.id",
        "operator:wikidata": "Q2745027",
        "public_transport": "station",
        "railway": "station",
        "railway:ref": "TSM",
        "tourism": "attraction",
        "train": "yes",
        "wikidata": "Q2798917",
        "wikipedia": "en:Tasikmalaya railway station"
      },
      "geometry": {
        "type": "Point",
        "coordinates": [
          108.2239381,
          -7.3222315
        ]
      },
      "id": "node/1229612698"
    },
    {
      "type": "Feature",
      "properties": {
        "@id": "node/1229613016",
        "alt_name": "Stasiun Ciamis",
        "ele": "199",
        "name": "Ciamis",
        "name:id": "Ciamis",
        "name:zh": "尖美士",
        "network": "KAI",
        "network:wikidata": "Q2745027",
        "operator": "PT Kereta Api Indonesia",
        "operator:website": "https://www.kai.id",
        "operator:wikidata": "Q2745027",
        "public_transport": "station",
        "railway": "station",
        "railway:ref": "CI",
        "train": "yes",
        "wikidata": "Q12516232",
        "wikipedia": "id:Stasiun Ciamis"
      },
      "geometry": {
        "type": "Point",
        "coordinates": [
          108.3561326,
          -7.3293002
        ]
      },
      "id": "node/1229613016"
    },
    {
      "type": "Feature",
      "properties": {
        "@id": "node/1229991118",
        "alt_name": "Stasiun Gandrungmangun",
        "ele": "15",
        "name": "Gandrungmangun",
        "name:en": "Gandrungmangun",
        "name:id": "Gandrungmangun",
        "network": "KAI",
        "network:wikidata": "Q2745027",
        "operator": "PT Kereta Api Indonesia",
        "operator:website": "https://www.kai.id",
        "operator:wikidata": "Q2745027",
        "public_transport": "station",
        "railway": "station",
        "railway:ref": "GDM",
        "train": "yes",
        "wikidata": "Q2022379",
        "wikipedia": "id:Stasiun Gandrungmangun"
      },
      "geometry": {
        "type": "Point",
        "coordinates": [
          108.8591895,
          -7.5282628
        ]
      },
      "id": "node/1229991118"
    },
    {
      "type": "Feature",
      "properties": {
        "@id": "node/1229991249",
        "alt_name": "Stasiun Sidareja",
        "ele": "5",
        "internet_access": "no",
        "name": "Sidareja",
        "name:en": "Sidareja",
        "name:id": "Sidareja",
        "network": "KAI",
        "network:wikidata": "Q2745027",
        "operator": "PT Kereta Api Indonesia",
        "operator:website": "https://www.kai.id",
        "operator:wikidata": "Q2745027",
        "public_transport": "station",
        "railway": "station",
        "railway:ref": "SDR",
        "train": "yes",
        "wikidata": "Q2309673",
        "wikipedia": "id:Stasiun Sidareja"
      },
      "geometry": {
        "type": "Point",
        "coordinates": [
          108.8075311,
          -7.4864058
        ]
      },
      "id": "node/1229991249"
    },
    {
      "type": "Feature",
      "properties": {
        "@id": "node/1229991257",
        "alt_name": "Stasiun Jeruklegi",
        "ele": "10",
        "name": "Jeruklegi",
        "name:en": "Jeruklegi",
        "name:id": "Jeruklegi",
        "network": "KAI",
        "network:wikidata": "Q2745027",
        "operator": "PT Kereta Api Indonesia",
        "operator:website": "https://www.kai.id",
        "operator:wikidata": "Q2745027",
        "public_transport": "station",
        "railway": "station",
        "railway:ref": "JRL",
        "train": "yes",
        "wikidata": "Q12516267",
        "wikipedia": "id:Stasiun Jeruklegi"
      },
      "geometry": {
        "type": "Point",
        "coordinates": [
          109.0181382,
          -7.6229351
        ]
      },
      "id": "node/1229991257"
    },
    {
      "type": "Feature",
      "properties": {
        "@id": "node/1229991325",
        "alt_name": "Stasiun Kawunganten",
        "ele": "15",
        "name": "Kawunganten",
        "name:en": "Kawunganten",
        "name:id": "Kawunganten",
        "network": "KAI",
        "network:wikidata": "Q2745027",
        "operator": "PT Kereta Api Indonesia",
        "operator:website": "https://www.kai.id",
        "operator:wikidata": "Q2745027",
        "public_transport": "station",
        "railway": "station",
        "railway:ref": "KWG",
        "train": "yes",
        "wikidata": "Q12516280",
        "wikipedia": "id:Stasiun Kawunganten"
      },
      "geometry": {
        "type": "Point",
        "coordinates": [
          108.9193962,
          -7.5908269
        ]
      },
      "id": "node/1229991325"
    },
    {
      "type": "Feature",
      "properties": {
        "@id": "node/1229991340",
        "alt_name": "Stasiun Kasugihan",
        "ele": "9",
        "name": "Kasugihan",
        "name:en": "Kasugihan",
        "name:id": "Kasugihan",
        "network": "KAI",
        "network:wikidata": "Q2745027",
        "operator": "PT Kereta Api Indonesia",
        "operator:website": "https://www.kai.id",
        "operator:wikidata": "Q2745027",
        "public_transport": "station",
        "railway": "station",
        "railway:ref": "KH",
        "tourism": "attraction",
        "train": "yes",
        "wikidata": "Q1969262",
        "wikipedia": "id:Stasiun Kasugihan"
      },
      "geometry": {
        "type": "Point",
        "coordinates": [
          109.12172,
          -7.6183957
        ]
      },
      "id": "node/1229991340"
    },
    {
      "type": "Feature",
      "properties": {
        "@id": "node/1230007292",
        "alt_name": "Stasiun Cilacap",
        "ele": "8",
        "name": "Cilacap",
        "name:en": "Cilacap",
        "name:id": "Cilacap",
        "network": "KAI",
        "network:wikidata": "Q2745027",
        "operator": "PT Kereta Api Indonesia",
        "operator:website": "https://www.kai.id",
        "operator:wikidata": "Q2745027",
        "public_transport": "station",
        "railway": "station",
        "railway:ref": "CP",
        "train": "yes",
        "wikidata": "Q2083649",
        "wikipedia": "en:Cilacap railway station"
      },
      "geometry": {
        "type": "Point",
        "coordinates": [
          109.0069515,
          -7.7360952
        ]
      },
      "id": "node/1230007292"
    },
    {
      "type": "Feature",
      "properties": {
        "@id": "node/1235347475",
        "alt_name": "Stasiun Cilebut",
        "ele": "171",
        "name": "Cilebut",
        "name:th": "จีเลอบุต",
        "network": "KAI Commuter",
        "network:wikidata": "Q12501611",
        "operator": "PT Kereta Commuter Indonesia",
        "operator:wikidata": "Q12501611",
        "public_transport": "station",
        "railway": "station",
        "ref": "CLT",
        "train": "yes",
        "wikidata": "Q1978890",
        "wikipedia": "id:Stasiun Cilebut"
      },
      "geometry": {
        "type": "Point",
        "coordinates": [
          106.8006884,
          -6.5307239
        ]
      },
      "id": "node/1235347475"
    },
    {
      "type": "Feature",
      "properties": {
        "@id": "node/1235353417",
        "alt_name": "Stasiun Maseng",
        "ele": "425",
        "name": "Maseng",
        "network": "KAI",
        "network:wikidata": "Q2745027",
        "operator": "PT Kereta Api Indonesia",
        "operator:website": "https://www.kai.id",
        "operator:wikidata": "Q2745027",
        "public_transport": "station",
        "railway": "station",
        "railway:ref": "MSG",
        "train": "yes",
        "wikidata": "Q12516304",
        "wikipedia": "id:Stasiun Maseng"
      },
      "geometry": {
        "type": "Point",
        "coordinates": [
          106.8145685,
          -6.7027797
        ]
      },
      "id": "node/1235353417"
    },
    {
      "type": "Feature",
      "properties": {
        "@id": "node/1235353418",
        "alt_name": "Stasiun Cigombong",
        "ele": "700",
        "name": "Cigombong",
        "network": "KAI",
        "network:wikidata": "Q2745027",
        "operator": "PT Kereta Api Indonesia",
        "operator:website": "https://www.kai.id",
        "operator:wikidata": "Q2745027",
        "public_transport": "station",
        "railway": "station",
        "railway:ref": "CGB",
        "train": "yes",
        "wikidata": "Q13417693",
        "wikipedia": "id:Stasiun Cigombong"
      },
      "geometry": {
        "type": "Point",
        "coordinates": [
          106.8029383,
          -6.7422491
        ]
      },
      "id": "node/1235353418"
    },
    {
      "type": "Feature",
      "properties": {
        "@id": "node/1235360980",
        "alt_name": "Stasiun Cisaat",
        "ele": "567",
        "name": "Cisaat",
        "network": "KAI",
        "network:wikidata": "Q2745027",
        "operator": "PT Kereta Api Indonesia",
        "operator:website": "https://www.kai.id",
        "operator:wikidata": "Q2745027",
        "public_transport": "station",
        "railway": "station",
        "railway:ref": "CSA",
        "train": "yes",
        "wikidata": "Q2115891",
        "wikipedia": "id:Stasiun Cisaat"
      },
      "geometry": {
        "type": "Point",
        "coordinates": [
          106.8875524,
          -6.9139991
        ]
      },
      "id": "node/1235360980"
    },
    {
      "type": "Feature",
      "properties": {
        "@id": "node/1235360981",
        "alt_name": "Stasiun Gandasoli",
        "ele": "580",
        "name": "Gandasoli",
        "network": "KAI",
        "network:wikidata": "Q2745027",
        "operator": "PT Kereta Api Indonesia",
        "operator:website": "https://www.kai.id",
        "operator:wikidata": "Q2745027",
        "public_transport": "station",
        "railway": "station",
        "railway:ref": "GDS",
        "train": "yes",
        "wikidata": "Q19740945",
        "wikipedia": "id:Stasiun Gandasoli"
      },
      "geometry": {
        "type": "Point",
        "coordinates": [
          106.9921399,
          -6.9414094
        ]
      },
      "id": "node/1235360981"
    },
    {
      "type": "Feature",
      "properties": {
        "@id": "node/1235401041",
        "alt_name": "Stasiun Luwung",
        "ele": "7",
        "name": "Luwung",
        "network": "KAI",
        "network:wikidata": "Q2745027",
        "operator": "PT Kereta Api Indonesia",
        "operator:website": "https://www.kai.id",
        "operator:wikidata": "Q2745027",
        "public_transport": "station",
        "railway": "station",
        "railway:ref": "LWG",
        "train": "yes",
        "wikidata": "Q2541101",
        "wikipedia": "id:Stasiun Luwung"
      },
      "geometry": {
        "type": "Point",
        "coordinates": [
          108.593213,
          -6.7775132
        ]
      },
      "id": "node/1235401041"
    },
    {
      "type": "Feature",
      "properties": {
        "@id": "node/1235401098",
        "alt_name": "Stasiun Ciledug",
        "ele": "16",
        "name": "Ciledug",
        "network": "KAI",
        "network:wikidata": "Q2745027",
        "operator": "PT Kereta Api Indonesia",
        "operator:website": "https://www.kai.id",
        "operator:wikidata": "Q2745027",
        "public_transport": "station",
        "railway": "station",
        "railway:ref": "CLD",
        "train": "yes",
        "wikidata": "Q2307268",
        "wikipedia": "id:Stasiun Ciledug"
      },
      "geometry": {
        "type": "Point",
        "coordinates": [
          108.7440389,
          -6.9027352
        ]
      },
      "id": "node/1235401098"
    },
    {
      "type": "Feature",
      "properties": {
        "@id": "node/1236835692",
        "alt_name": "Stasiun Losari",
        "ele": "3",
        "name": "Losari",
        "network": "KAI",
        "network:wikidata": "Q2745027",
        "operator": "PT Kereta Api Indonesia",
        "operator:website": "https://www.kai.id",
        "operator:wikidata": "Q2745027",
        "public_transport": "station",
        "railway": "station",
        "railway:ref": "LOS",
        "train": "yes",
        "wikidata": "Q2391211",
        "wikipedia": "id:Stasiun Losari"
      },
      "geometry": {
        "type": "Point",
        "coordinates": [
          108.798266,
          -6.8465666
        ]
      },
      "id": "node/1236835692"
    },
    {
      "type": "Feature",
      "properties": {
        "@id": "node/1236835787",
        "alt_name": "Stasiun Tegal",
        "ele": "4",
        "name": "Tegal",
        "network": "KAI",
        "network:wikidata": "Q2745027",
        "operator": "PT Kereta Api Indonesia",
        "operator:website": "https://www.kai.id",
        "operator:wikidata": "Q2745027",
        "public_transport": "station",
        "railway": "station",
        "railway:ref": "TG",
        "train": "yes",
        "wikidata": "Q1966629",
        "wikipedia": "id:Stasiun Tegal"
      },
      "geometry": {
        "type": "Point",
        "coordinates": [
          109.1427503,
          -6.8673134
        ]
      },
      "id": "node/1236835787"
    },
    {
      "type": "Feature",
      "properties": {
        "@id": "node/1236835797",
        "ele": "3",
        "name": "Tanjung",
        "network": "KAI",
        "network:wikidata": "Q2745027",
        "operator": "PT Kereta Api Indonesia",
        "operator:website": "https://www.kai.id",
        "operator:wikidata": "Q2745027",
        "public_transport": "station",
        "railway": "station",
        "railway:ref": "TGN",
        "train": "yes",
        "wikidata": "Q12516353",
        "wikipedia": "id:Stasiun Tanjung"
      },
      "geometry": {
        "type": "Point",
        "coordinates": [
          108.8603983,
          -6.8770109
        ]
      },
      "id": "node/1236835797"
    },
    {
      "type": "Feature",
      "properties": {
        "@id": "node/1236835806",
        "addr:city": "Kota Cirebon",
        "addr:country": "ID",
        "addr:province": "Jawa Barat",
        "addr:street": "Jalan Nyi Mas Gandasari",
        "alt_name": "Stasiun Cirebon Prujakan",
        "ele": "4",
        "name": "Cirebon Prujakan",
        "network": "KAI",
        "network:wikidata": "Q2745027",
        "operator": "PT Kereta Api Indonesia",
        "operator:website": "https://www.kai.id",
        "operator:wikidata": "Q2745027",
        "public_transport": "station",
        "railway": "station",
        "railway:ref": "CNP",
        "train": "yes",
        "wikidata": "Q2201169",
        "wikipedia": "id:Stasiun Cirebon Prujakan"
      },
      "geometry": {
        "type": "Point",
        "coordinates": [
          108.5584643,
          -6.7194171
        ]
      },
      "id": "node/1236835806"
    },
    {
      "type": "Feature",
      "properties": {
        "@id": "node/1236835818",
        "alt_name": "Stasiun Waruduwur",
        "ele": "3",
        "name": "Waruduwur",
        "network": "KAI",
        "network:wikidata": "Q2745027",
        "operator": "PT Kereta Api Indonesia",
        "operator:website": "https://www.kai.id",
        "operator:wikidata": "Q2745027",
        "public_transport": "station",
        "railway": "station",
        "railway:ref": "WDW",
        "train": "yes",
        "wikidata": "Q12516364",
        "wikipedia": "id:Stasiun Waruduwur"
      },
      "geometry": {
        "type": "Point",
        "coordinates": [
          108.6253356,
          -6.785595
        ]
      },
      "id": "node/1236835818"
    },
    {
      "type": "Feature",
      "properties": {
        "@id": "node/1239880309",
        "alt_name": "Stasiun Slawi",
        "ele": "38",
        "name": "Slawi",
        "network": "KAI",
        "network:wikidata": "Q2745027",
        "operator": "PT Kereta Api Indonesia",
        "operator:website": "https://www.kai.id",
        "operator:wikidata": "Q2745027",
        "public_transport": "station",
        "railway": "station",
        "railway:ref": "SLW",
        "train": "yes",
        "wikidata": "Q14387373",
        "wikipedia": "id:Stasiun Slawi"
      },
      "geometry": {
        "type": "Point",
        "coordinates": [
          109.1365597,
          -6.9818975
        ]
      },
      "id": "node/1239880309"
    },
    {
      "type": "Feature",
      "properties": {
        "@id": "node/1240253272",
        "alt_name": "Stasiun Linggapura",
        "ele": "156",
        "name": "Linggapura",
        "network": "KAI",
        "network:wikidata": "Q2745027",
        "operator": "PT Kereta Api Indonesia",
        "operator:website": "https://www.kai.id",
        "operator:wikidata": "Q2745027",
        "public_transport": "station",
        "railway": "station",
        "railway:ref": "LG",
        "train": "yes",
        "wikidata": "Q2938165",
        "wikipedia": "id:Stasiun Linggapura"
      },
      "geometry": {
        "type": "Point",
        "coordinates": [
          109.0124352,
          -7.1850689
        ]
      },
      "id": "node/1240253272"
    },
    {
      "type": "Feature",
      "properties": {
        "@id": "node/1240253542",
        "alt_name": "Stasiun Karangsari",
        "ele": "233",
        "name": "Karangsari",
        "network": "KAI",
        "network:wikidata": "Q2745027",
        "operator": "PT Kereta Api Indonesia",
        "operator:website": "https://www.kai.id",
        "operator:wikidata": "Q2745027",
        "public_transport": "station",
        "railway": "station",
        "railway:ref": "KRR",
        "train": "yes",
        "wikidata": "Q2338199",
        "wikipedia": "id:Stasiun Karangsari (Banyumas)"
      },
      "geometry": {
        "type": "Point",
        "coordinates": [
          109.1212032,
          -7.3823632
        ]
      },
      "id": "node/1240253542"
    },
    {
      "type": "Feature",
      "properties": {
        "@id": "node/1240254095",
        "alt_name": "Stasiun Patuguran",
        "ele": "329",
        "name": "Patuguran",
        "network": "KAI",
        "network:wikidata": "Q2745027",
        "operator": "PT Kereta Api Indonesia",
        "operator:website": "https://www.kai.id",
        "operator:wikidata": "Q2745027",
        "public_transport": "station",
        "railway": "station",
        "railway:ref": "PAT",
        "train": "yes",
        "wikidata": "Q2381025",
        "wikipedia": "id:Stasiun Patuguran"
      },
      "geometry": {
        "type": "Point",
        "coordinates": [
          109.0578773,
          -7.3281324
        ]
      },
      "id": "node/1240254095"
    },
    {
      "type": "Feature",
      "properties": {
        "@id": "node/1240420535",
        "ele": "11",
        "name": "Kroya",
        "network": "KAI",
        "network:wikidata": "Q2745027",
        "operator": "PT Kereta Api Indonesia",
        "operator:website": "https://www.kai.id",
        "operator:wikidata": "Q2745027",
        "public_transport": "station",
        "railway": "station",
        "railway:ref": "KYA",
        "train": "yes",
        "wikidata": "Q1825918",
        "wikipedia": "en:Kroya railway station"
      },
      "geometry": {
        "type": "Point",
        "coordinates": [
          109.2540488,
          -7.6299479
        ]
      },
      "id": "node/1240420535"
    },
    {
      "type": "Feature",
      "properties": {
        "@id": "node/1240420622",
        "alt_name": "Stasiun Randegan",
        "ele": "11",
        "name": "Randegan",
        "network": "KAI",
        "network:wikidata": "Q2745027",
        "operator": "PT Kereta Api Indonesia",
        "operator:website": "https://www.kai.id",
        "operator:wikidata": "Q2745027",
        "public_transport": "station",
        "railway": "station",
        "railway:ref": "RDN",
        "train": "yes",
        "wikidata": "Q12516329",
        "wikipedia": "en:Randegan railway station"
      },
      "geometry": {
        "type": "Point",
        "coordinates": [
          109.2201148,
          -7.5699574
        ]
      },
      "id": "node/1240420622"
    },
    {
      "type": "Feature",
      "properties": {
        "@id": "node/1240420641",
        "alt_name": "Stasiun Karanggandul",
        "ele": "142",
        "name": "Karanggandul",
        "network": "KAI",
        "network:wikidata": "Q2745027",
        "operator": "PT Kereta Api Indonesia",
        "operator:website": "https://www.kai.id",
        "operator:wikidata": "Q2745027",
        "public_transport": "station",
        "railway": "station",
        "railway:ref": "KGD",
        "train": "yes",
        "wikidata": "Q5113399",
        "wikipedia": "id:Stasiun Karanggandul"
      },
      "geometry": {
        "type": "Point",
        "coordinates": [
          109.1858776,
          -7.388486
        ]
      },
      "id": "node/1240420641"
    },
    {
      "type": "Feature",
      "properties": {
        "@id": "node/1240420688",
        "alt_name": "Stasiun Kebasen",
        "ele": "16",
        "name": "Kebasen",
        "network": "KAI",
        "network:wikidata": "Q2745027",
        "operator": "PT Kereta Api Indonesia",
        "operator:website": "https://www.kai.id",
        "operator:wikidata": "Q2745027",
        "public_transport": "station",
        "railway": "station",
        "railway:ref": "KBS",
        "train": "yes",
        "wikidata": "Q2368697",
        "wikipedia": "en:Kebasen railway station"
      },
      "geometry": {
        "type": "Point",
        "coordinates": [
          109.2040515,
          -7.5321892
        ]
      },
      "id": "node/1240420688"
    },
    {
      "type": "Feature",
      "properties": {
        "@id": "node/1240420776",
        "alt_name": "Stasiun Notog",
        "ele": "25",
        "name": "Notog",
        "network": "KAI",
        "network:wikidata": "Q2745027",
        "operator": "PT Kereta Api Indonesia",
        "operator:website": "https://www.kai.id",
        "operator:wikidata": "Q2745027",
        "public_transport": "station",
        "railway": "station",
        "railway:ref": "NTG",
        "train": "yes",
        "wikidata": "Q3153073",
        "wikipedia": "en:Notog railway station"
      },
      "geometry": {
        "type": "Point",
        "coordinates": [
          109.2132133,
          -7.4859241
        ]
      },
      "id": "node/1240420776"
    },
    {
      "type": "Feature",
      "properties": {
        "@id": "node/1244940776",
        "ele": "4",
        "name": "Larangan",
        "network": "KAI",
        "network:wikidata": "Q2745027",
        "public_transport": "station",
        "railway": "station",
        "railway:ref": "LR",
        "train": "yes",
        "wikidata": "Q12516294",
        "wikipedia": "id:Stasiun Larangan (Tegal)"
      },
      "geometry": {
        "type": "Point",
        "coordinates": [
          109.1854508,
          -6.8680857
        ]
      },
      "id": "node/1244940776"
    },
    {
      "type": "Feature",
      "properties": {
        "@id": "node/1244940788",
        "ele": "10",
        "name": "Petarukan",
        "network": "KAI",
        "network:wikidata": "Q2745027",
        "public_transport": "station",
        "railway": "station",
        "railway:ref": "PTA",
        "train": "yes",
        "wikidata": "Q2471576",
        "wikipedia": "id:Stasiun Petarukan"
      },
      "geometry": {
        "type": "Point",
        "coordinates": [
          109.4496503,
          -6.8976445
        ]
      },
      "id": "node/1244940788"
    },
    {
      "type": "Feature",
      "properties": {
        "@id": "node/1244940818",
        "ele": "6",
        "name": "Pemalang",
        "name:id": "Pemalang",
        "name:zh": "八馬蘭",
        "name:zh-Hans": "八马兰",
        "network": "KAI",
        "network:wikidata": "Q2745027",
        "public_transport": "station",
        "railway": "station",
        "railway:ref": "PML",
        "train": "yes",
        "wikidata": "Q2091779",
        "wikipedia": "id:Stasiun Pemalang"
      },
      "geometry": {
        "type": "Point",
        "coordinates": [
          109.3882311,
          -6.8873513
        ]
      },
      "id": "node/1244940818"
    },
    {
      "type": "Feature",
      "properties": {
        "@id": "node/1244940833",
        "ele": "4",
        "name": "Pekalongan",
        "name:uk": "Пекалонґан",
        "network": "KAI",
        "network:wikidata": "Q2745027",
        "public_transport": "station",
        "railway": "station",
        "railway:ref": "PK",
        "train": "yes",
        "wikidata": "Q14387087",
        "wikipedia": "id:Stasiun Pekalongan"
      },
      "geometry": {
        "type": "Point",
        "coordinates": [
          109.6643794,
          -6.889813
        ]
      },
      "id": "node/1244940833"
    },
    {
      "type": "Feature",
      "properties": {
        "@id": "node/1244940845",
        "ele": "7",
        "name": "Sragi",
        "network": "KAI",
        "network:wikidata": "Q2745027",
        "public_transport": "station",
        "railway": "station",
        "railway:ref": "SRI",
        "train": "yes",
        "wikidata": "Q2599196",
        "wikipedia": "id:Stasiun Sragi"
      },
      "geometry": {
        "type": "Point",
        "coordinates": [
          109.5709534,
          -6.9236888
        ]
      },
      "id": "node/1244940845"
    },
    {
      "type": "Feature",
      "properties": {
        "@id": "node/1244940858",
        "ele": "3",
        "name": "Surodadi",
        "network": "KAI",
        "network:wikidata": "Q2745027",
        "public_transport": "station",
        "railway": "station",
        "railway:ref": "SD",
        "train": "yes",
        "wikidata": "Q12516348",
        "wikipedia": "id:Stasiun Surodadi"
      },
      "geometry": {
        "type": "Point",
        "coordinates": [
          109.2759558,
          -6.8805732
        ]
      },
      "id": "node/1244940858"
    },
    {
      "type": "Feature",
      "properties": {
        "@id": "node/1244940859",
        "ele": "10",
        "name": "Comal",
        "network": "KAI",
        "network:wikidata": "Q2745027",
        "public_transport": "station",
        "railway": "station",
        "railway:ref": "CO",
        "train": "yes",
        "wikidata": "Q12516250",
        "wikipedia": "id:Stasiun Comal"
      },
      "geometry": {
        "type": "Point",
        "coordinates": [
          109.5367301,
          -6.9092929
        ]
      },
      "id": "node/1244940859"
    },
    {
      "type": "Feature",
      "properties": {
        "@id": "node/1258887383",
        "ele": "12",
        "name": "Weleri",
        "network": "KAI",
        "network:wikidata": "Q2745027",
        "public_transport": "station",
        "railway": "station",
        "railway:ref": "WLR",
        "train": "yes",
        "wikidata": "Q2342351",
        "wikipedia": "id:Stasiun Weleri"
      },
      "geometry": {
        "type": "Point",
        "coordinates": [
          110.0699257,
          -6.9707425
        ]
      },
      "id": "node/1258887383"
    },
    {
      "type": "Feature",
      "properties": {
        "@id": "node/1258887766",
        "ele": "4",
        "name": "Kaliwungu",
        "network": "KAI",
        "network:wikidata": "Q2745027",
        "operator": "KAI",
        "public_transport": "station",
        "railway": "station",
        "railway:ref": "KLN",
        "train": "yes",
        "wikidata": "Q2232933",
        "wikipedia": "id:Stasiun Kaliwungu"
      },
      "geometry": {
        "type": "Point",
        "coordinates": [
          110.2549063,
          -6.9596163
        ]
      },
      "id": "node/1258887766"
    },
    {
      "type": "Feature",
      "properties": {
        "@id": "node/1258888078",
        "ele": "5",
        "name": "Ujungnegoro",
        "name:en": "Ujungnegoro",
        "network": "KAI",
        "network:wikidata": "Q2745027",
        "public_transport": "station",
        "railway": "station",
        "railway:ref": "UJN",
        "train": "yes",
        "wikidata": "Q2730581",
        "wikipedia": "id:Stasiun Ujungnegoro"
      },
      "geometry": {
        "type": "Point",
        "coordinates": [
          109.789234,
          -6.9085896
        ]
      },
      "id": "node/1258888078"
    },
    {
      "type": "Feature",
      "properties": {
        "@id": "node/1258888308",
        "ele": "9",
        "name": "Kalibodri",
        "network": "KAI",
        "network:wikidata": "Q2745027",
        "operator": "KAI",
        "public_transport": "station",
        "railway": "station",
        "railway:ref": "KBD",
        "tourism": "attraction",
        "train": "yes",
        "wikidata": "Q12516266",
        "wikipedia": "id:Stasiun Kalibodri"
      },
      "geometry": {
        "type": "Point",
        "coordinates": [
          110.1481776,
          -6.9737031
        ]
      },
      "id": "node/1258888308"
    },
    {
      "type": "Feature",
      "properties": {
        "@id": "node/1258888329",
        "ele": "4",
        "name": "Plabuan",
        "network": "KAI",
        "network:wikidata": "Q2745027",
        "public_transport": "station",
        "railway": "station",
        "railway:ref": "PLB",
        "train": "yes",
        "wikidata": "Q12516318",
        "wikipedia": "id:Stasiun Plabuan"
      },
      "geometry": {
        "type": "Point",
        "coordinates": [
          109.956321,
          -6.9198452
        ]
      },
      "id": "node/1258888329"
    },
    {
      "type": "Feature",
      "properties": {
        "@id": "node/1258888624",
        "ele": "6",
        "internet_access": "wlan",
        "name": "Kuripan",
        "network": "KAI",
        "network:wikidata": "Q2745027",
        "public_transport": "station",
        "railway": "station",
        "railway:ref": "KRP",
        "train": "yes",
        "wikidata": "Q2180561",
        "wikipedia": "id:Stasiun Kuripan"
      },
      "geometry": {
        "type": "Point",
        "coordinates": [
          109.8939735,
          -6.9237711
        ]
      },
      "id": "node/1258888624"
    },
    {
      "type": "Feature",
      "properties": {
        "@id": "node/1258963691",
        "addr:city": "Semarang",
        "addr:full": "Jalan Stasiun Jerakah",
        "ele": "1.5",
        "name": "Jerakah",
        "network": "KAI",
        "network:wikidata": "Q2745027",
        "operator": "PT Kereta Api Indonesia",
        "public_transport": "station",
        "railway": "station",
        "railway:ref": "JRK",
        "source": "HOT_InAWARESurvey_2018",
        "train": "yes",
        "wikipedia": "id:Stasiun Jerakah"
      },
      "geometry": {
        "type": "Point",
        "coordinates": [
          110.3624848,
          -6.9803682
        ]
      },
      "id": "node/1258963691"
    },
    {
      "type": "Feature",
      "properties": {
        "@id": "node/1258968821",
        "ele": "16",
        "name": "Brumbung",
        "network": "KAI",
        "network:wikidata": "Q2745027",
        "public_transport": "station",
        "railway": "station",
        "railway:ref": "BBG",
        "train": "yes",
        "wikidata": "Q2435722",
        "wikipedia": "id:Stasiun Brumbung"
      },
      "geometry": {
        "type": "Point",
        "coordinates": [
          110.5219125,
          -7.0254774
        ]
      },
      "id": "node/1258968821"
    },
    {
      "type": "Feature",
      "properties": {
        "@id": "node/1258968859",
        "ele": "20",
        "name": "Tanggung",
        "network": "KAI",
        "network:wikidata": "Q2745027",
        "public_transport": "station",
        "railway": "station",
        "railway:ref": "TGG",
        "tourism": "attraction",
        "train": "yes",
        "wikidata": "Q2231313",
        "wikipedia": "id:Stasiun Tanggung"
      },
      "geometry": {
        "type": "Point",
        "coordinates": [
          110.6032465,
          -7.0914907
        ]
      },
      "id": "node/1258968859"
    },
    {
      "type": "Feature",
      "properties": {
        "@id": "node/1258980933",
        "ele": "25",
        "name": "Ijo",
        "network": "KAI",
        "network:wikidata": "Q2745027",
        "operator": "PT Kereta Api Indonesia (Persero)",
        "public_transport": "station",
        "railway": "station",
        "railway:ref": "IJ",
        "tourism": "attraction",
        "train": "yes",
        "wikidata": "Q2184468",
        "wikipedia": "id:Stasiun Ijo",
        "wikipedia:id": "Stasiun Ijo"
      },
      "geometry": {
        "type": "Point",
        "coordinates": [
          109.4469228,
          -7.6150095
        ]
      },
      "id": "node/1258980933"
    },
    {
      "type": "Feature",
      "properties": {
        "@id": "node/1258980942",
        "ele": "7",
        "name": "Kemranjen",
        "network": "KAI",
        "network:wikidata": "Q2745027",
        "public_transport": "station",
        "railway": "station",
        "railway:ref": "KJ",
        "train": "yes",
        "wikidata": "Q12516285",
        "wikipedia": "id:Stasiun Kemranjen"
      },
      "geometry": {
        "type": "Point",
        "coordinates": [
          109.3150764,
          -7.6214019
        ]
      },
      "id": "node/1258980942"
    },
    {
      "type": "Feature",
      "properties": {
        "@id": "node/1258980963",
        "ele": "19",
        "name": "Tambak",
        "network": "KAI",
        "network:wikidata": "Q2745027",
        "public_transport": "station",
        "railway": "station",
        "railway:ref": "TBK",
        "train": "yes",
        "wikidata": "Q2101351",
        "wikipedia": "id:Stasiun Tambak"
      },
      "geometry": {
        "type": "Point",
        "coordinates": [
          109.407681,
          -7.6132195
        ]
      },
      "id": "node/1258980963"
    },
    {
      "type": "Feature",
      "properties": {
        "@id": "node/1259618910",
        "ele": "16",
        "name": "Kutoarjo",
        "network": "KAI",
        "network:wikidata": "Q2745027",
        "operator": "PT. Kereta Api Indonesia",
        "public_transport": "station",
        "railway": "station",
        "railway:ref": "KTA",
        "train": "yes",
        "wikidata": "Q658087",
        "wikipedia": "en:Kutoarjo railway station"
      },
      "geometry": {
        "type": "Point",
        "coordinates": [
          109.9071767,
          -7.7260691
        ]
      },
      "id": "node/1259618910"
    },
    {
      "type": "Feature",
      "properties": {
        "@id": "node/1259618928",
        "ele": "10",
        "name": "Butuh",
        "network": "KAI",
        "network:wikidata": "Q2745027",
        "public_transport": "station",
        "railway": "station",
        "railway:ref": "BTH",
        "train": "yes",
        "wikidata": "Q2753598",
        "wikipedia": "id:Stasiun Butuh"
      },
      "geometry": {
        "type": "Point",
        "coordinates": [
          109.8587178,
          -7.7244476
        ]
      },
      "id": "node/1259618928"
    },
    {
      "type": "Feature",
      "properties": {
        "@id": "node/1259618932",
        "ele": "13",
        "name": "Sruweng",
        "network": "KAI",
        "network:wikidata": "Q2745027",
        "operator": "Kereta Api Indonesia (Persero)",
        "public_transport": "station",
        "railway": "station",
        "railway:ref": "SRW",
        "train": "yes",
        "wikidata": "Q19741259",
        "wikipedia": "id:Stasiun Sruweng"
      },
      "geometry": {
        "type": "Point",
        "coordinates": [
          109.6020406,
          -7.6542683
        ]
      },
      "id": "node/1259618932"
    },
    {
      "type": "Feature",
      "properties": {
        "@id": "node/1259618961",
        "ele": "9",
        "name": "Prembun",
        "network": "KAI",
        "network:wikidata": "Q2745027",
        "operator": "PT Kereta Api Indonesia (Persero)",
        "public_transport": "station",
        "railway": "station",
        "railway:ref": "PRB",
        "train": "yes",
        "wikidata": "Q12516323",
        "wikipedia": "id:Stasiun Prembun",
        "wikipedia:id": "Stasiun Prembun"
      },
      "geometry": {
        "type": "Point",
        "coordinates": [
          109.797957,
          -7.7244502
        ]
      },
      "id": "node/1259618961"
    },
    {
      "type": "Feature",
      "properties": {
        "@id": "node/1259618968",
        "ele": "13",
        "name": "Kutowinangun",
        "network": "KAI",
        "network:wikidata": "Q2745027",
        "operator": "Kereta Api Indonesia (Persero)",
        "public_transport": "station",
        "railway": "station",
        "railway:ref": "KWN",
        "train": "yes",
        "wikidata": "Q2486545",
        "wikipedia": "id:Stasiun Kutowinangun",
        "wikipedia:id": "Stasiun Kutowinangun"
      },
      "geometry": {
        "type": "Point",
        "coordinates": [
          109.7326313,
          -7.7160845
        ]
      },
      "id": "node/1259618968"
    },
    {
      "type": "Feature",
      "properties": {
        "@id": "node/1259618974",
        "ele": "15",
        "name": "Wonosari",
        "network": "KAI",
        "network:wikidata": "Q2745027",
        "operator": "Kereta Api Indonesia (Persero)",
        "public_transport": "station",
        "railway": "station",
        "railway:ref": "WNS",
        "train": "yes",
        "wikidata": "Q2493881",
        "wikipedia": "id:Stasiun Wonosari",
        "wikipedia:id": "Stasiun Wonosari"
      },
      "geometry": {
        "type": "Point",
        "coordinates": [
          109.7016108,
          -7.6975364
        ]
      },
      "id": "node/1259618974"
    },
    {
      "type": "Feature",
      "properties": {
        "@id": "node/1259619004",
        "addr:city": "Kebumen",
        "addr:postcode": "54312",
        "addr:street": "Jalan Stasiun",
        "air_conditioning": "yes",
        "baby_feeding": "room",
        "ele": "21",
        "name": "Kebumen",
        "network": "KAI",
        "network:wikidata": "Q2745027",
        "operator": "PT Kereta Api Indonesia (Persero)",
        "public_transport": "station",
        "railway": "station",
        "railway:ref": "KM",
        "start_date": "1887-07-16",
        "train": "yes",
        "website": "https://kai.id/",
        "wheelchair": "yes",
        "wikidata": "Q3346952",
        "wikimedia_commons": "File:Stasiun Kebumen.jpg",
        "wikipedia": "id:Stasiun Kebumen",
        "wikipedia:id": "Stasiun Kebumen"
      },
      "geometry": {
        "type": "Point",
        "coordinates": [
          109.6624674,
          -7.681968
        ]
      },
      "id": "node/1259619004"
    },
    {
      "type": "Feature",
      "properties": {
        "@id": "node/1259619016",
        "ele": "14",
        "name": "Karanganyar",
        "network": "KAI",
        "network:wikidata": "Q2745027",
        "operator": "Kereta Api Indonesia (Persero)",
        "public_transport": "station",
        "railway": "station",
        "railway:ref": "KA",
        "train": "yes",
        "wikidata": "Q2664101",
        "wikipedia": "id:Stasiun Karanganyar"
      },
      "geometry": {
        "type": "Point",
        "coordinates": [
          109.5730568,
          -7.6331327
        ]
      },
      "id": "node/1259619016"
    },
    {
      "type": "Feature",
      "properties": {
        "@id": "node/1262692624",
        "ele": "18",
        "name": "Jenar",
        "network": "KAI Commuter",
        "network:wikidata": "Q12501611",
        "operator": "Kereta Api Indonesia (Persero)",
        "public_transport": "station",
        "railway": "station",
        "railway:ref": "JN",
        "train": "yes",
        "wikidata": "Q2314347",
        "wikipedia": "id:Stasiun Jenar"
      },
      "geometry": {
        "type": "Point",
        "coordinates": [
          110.00135,
          -7.8026595
        ]
      },
      "id": "node/1262692624"
    },
    {
      "type": "Feature",
      "properties": {
        "@id": "node/1262692738",
        "ele": "88",
        "name": "Patukan",
        "network": "KAI",
        "network:wikidata": "Q2745027",
        "operator": "Kereta Api Indonesia",
        "public_transport": "station",
        "railway": "station",
        "railway:ref": "PTN",
        "train": "yes",
        "wikidata": "Q14387043",
        "wikipedia": "id:Stasiun Patukan"
      },
      "geometry": {
        "type": "Point",
        "coordinates": [
          110.3253312,
          -7.7907238
        ]
      },
      "id": "node/1262692738"
    },
    {
      "type": "Feature",
      "properties": {
        "@id": "node/1262692801",
        "ele": "14",
        "name": "Wojo",
        "network": "KAI",
        "network:wikidata": "Q2745027",
        "operator": "Kereta Api Indonesia",
        "public_transport": "station",
        "railway": "station",
        "railway:ref": "WJ",
        "train": "yes",
        "wikidata": "Q4780603",
        "wikipedia": "id:Stasiun Wojo"
      },
      "geometry": {
        "type": "Point",
        "coordinates": [
          110.0404368,
          -7.8618109
        ]
      },
      "id": "node/1262692801"
    },
    {
      "type": "Feature",
      "properties": {
        "@id": "node/1262692869",
        "ele": "88",
        "name": "Rewulu",
        "network": "KAI",
        "network:wikidata": "Q2745027",
        "operator": "Kereta Api Indonesia",
        "public_transport": "station",
        "railway": "station",
        "railway:ref": "RWL",
        "train": "yes",
        "wikidata": "Q3208438",
        "wikipedia": "id:Stasiun Rewulu"
      },
      "geometry": {
        "type": "Point",
        "coordinates": [
          110.2842707,
          -7.7961358
        ]
      },
      "id": "node/1262692869"
    },
    {
      "type": "Feature",
      "properties": {
        "@id": "node/1262693015",
        "ele": "54",
        "name": "Sentolo",
        "network": "KAI",
        "network:wikidata": "Q2745027",
        "public_transport": "station",
        "railway": "station",
        "railway:ref": "STL",
        "train": "yes",
        "wikidata": "Q2344564",
        "wikipedia": "id:Stasiun Sentolo"
      },
      "geometry": {
        "type": "Point",
        "coordinates": [
          110.2202569,
          -7.833229
        ]
      },
      "id": "node/1262693015"
    },
    {
      "type": "Feature",
      "properties": {
        "@id": "node/1266240004",
        "ele": "38",
        "name": "Ngrombo",
        "network": "KAI",
        "network:wikidata": "Q2745027",
        "operator": "PT. Kereta Api Indonesia (Persero)",
        "public_transport": "station",
        "railway": "station",
        "railway:ref": "NBO",
        "train": "yes",
        "wikidata": "Q12516309",
        "wikipedia": "id:Stasiun Ngrombo"
      },
      "geometry": {
        "type": "Point",
        "coordinates": [
          110.9005668,
          -7.1453819
        ]
      },
      "id": "node/1266240004"
    },
    {
      "type": "Feature",
      "properties": {
        "@id": "node/1268337325",
        "alt_name": "Stasiun Karangtalun",
        "ele": "6.75",
        "name": "Karangtalun",
        "name:en": "Karangtalun",
        "name:id": "Karangtalun",
        "network": "KAI",
        "network:wikidata": "Q2745027",
        "operator": "PT Kereta Api Indonesia",
        "operator:website": "https://www.kai.id",
        "operator:wikidata": "Q2745027",
        "public_transport": "station",
        "railway": "station",
        "railway:ref": "KRL",
        "train": "yes",
        "wikidata": "Q19745979",
        "wikipedia": "id:Stasiun Karangtalun"
      },
      "geometry": {
        "type": "Point",
        "coordinates": [
          109.0230626,
          -7.6847111
        ]
      },
      "id": "node/1268337325"
    },
    {
      "type": "Feature",
      "properties": {
        "@id": "node/1346745480",
        "addr:city": "Gatak",
        "addr:housenumber": "1",
        "addr:postcode": "57557",
        "addr:street": "Jalan Pramuka",
        "ele": "118",
        "name": "Gawok",
        "network": "KAI Commuter",
        "network:wikidata": "Q12501611",
        "public_transport": "station",
        "railway": "station",
        "railway:ref": "GW",
        "train": "yes",
        "wikidata": "Q3022085",
        "wikipedia": "id:Stasiun Gawok"
      },
      "geometry": {
        "type": "Point",
        "coordinates": [
          110.7445379,
          -7.5894638
        ]
      },
      "id": "node/1346745480"
    },
    {
      "type": "Feature",
      "properties": {
        "@id": "node/1347212796",
        "addr:city": "Sukoharjo",
        "addr:district": "Nguter",
        "addr:postcode": "57571",
        "addr:province": "Jawa Tengah",
        "addr:street": "Jalan Raya Nguter",
        "addr:subdistrict": "Nguter",
        "ele": "105",
        "name": "Pasarnguter",
        "network": "KAI",
        "network:wikidata": "Q2745027",
        "public_transport": "station",
        "railway": "station",
        "railway:ref": "PNT",
        "train": "yes",
        "wikidata": "Q2315485",
        "wikipedia": "id:Stasiun Pasarnguter"
      },
      "geometry": {
        "type": "Point",
        "coordinates": [
          110.8796753,
          -7.7420605
        ]
      },
      "id": "node/1347212796"
    },
    {
      "type": "Feature",
      "properties": {
        "@id": "node/1347212801",
        "addr:city": "Wonogiri",
        "addr:district": "Wonogiri",
        "addr:postcode": "57612",
        "addr:province": "Jawa Tengah",
        "addr:subdistrict": "Giripurwo",
        "ele": "144",
        "name": "Wonogiri",
        "network": "KAI",
        "network:wikidata": "Q2745027",
        "public_transport": "station",
        "railway": "station",
        "railway:ref": "WNG",
        "train": "yes",
        "wikidata": "Q2165684",
        "wikipedia": "id:Stasiun Wonogiri"
      },
      "geometry": {
        "type": "Point",
        "coordinates": [
          110.9217632,
          -7.8160126
        ]
      },
      "id": "node/1347212801"
    },
    {
      "type": "Feature",
      "properties": {
        "@id": "node/1347254811",
        "addr:city": "Grobogan",
        "addr:postcode": "58172",
        "addr:street": "Geyer",
        "ele": "54",
        "name": "Gundih",
        "network": "KAI",
        "network:wikidata": "Q2745027",
        "operator": "Kereta Api Indonesia",
        "public_transport": "station",
        "railway": "station",
        "railway:ref": "GD",
        "train": "yes",
        "wikidata": "Q14386184",
        "wikipedia": "id:Stasiun Gundih"
      },
      "geometry": {
        "type": "Point",
        "coordinates": [
          110.9000211,
          -7.2186589
        ]
      },
      "id": "node/1347254811"
    },
    {
      "type": "Feature",
      "properties": {
        "@id": "node/1347330266",
        "ele": "117",
        "name": "Kalioso",
        "network": "KAI",
        "network:wikidata": "Q2745027",
        "public_transport": "station",
        "railway": "station",
        "railway:ref": "KO",
        "train": "yes",
        "wikidata": "Q12516268",
        "wikipedia": "id:Stasiun Kalioso"
      },
      "geometry": {
        "type": "Point",
        "coordinates": [
          110.8049036,
          -7.4662866
        ]
      },
      "id": "node/1347330266"
    },
    {
      "type": "Feature",
      "properties": {
        "@id": "node/1347330267",
        "ele": "146",
        "name": "Salem",
        "network": "KAI",
        "network:wikidata": "Q2745027",
        "public_transport": "station",
        "railway": "station",
        "railway:ref": "SLM",
        "train": "yes",
        "wikidata": "Q635040",
        "wikipedia": "id:Stasiun Salem"
      },
      "geometry": {
        "type": "Point",
        "coordinates": [
          110.8271742,
          -7.3955967
        ]
      },
      "id": "node/1347330267"
    },
    {
      "type": "Feature",
      "properties": {
        "@id": "node/1347330277",
        "ele": "126",
        "name": "Sumberlawang",
        "network": "KAI",
        "network:wikidata": "Q2745027",
        "public_transport": "station",
        "railway": "station",
        "railway:ref": "SUM",
        "train": "yes",
        "wikidata": "Q2035237",
        "wikipedia": "id:Stasiun Sumberlawang"
      },
      "geometry": {
        "type": "Point",
        "coordinates": [
          110.8637487,
          -7.3277189
        ]
      },
      "id": "node/1347330277"
    },
    {
      "type": "Feature",
      "properties": {
        "@id": "node/1347352057",
        "ele": "84",
        "name": "Kebonromo",
        "network": "KAI",
        "network:wikidata": "Q2745027",
        "public_transport": "station",
        "railway": "station",
        "railway:ref": "KRO",
        "tourism": "attraction",
        "train": "yes",
        "wikidata": "Q12516282",
        "wikipedia": "id:Stasiun Kebonromo"
      },
      "geometry": {
        "type": "Point",
        "coordinates": [
          111.0639984,
          -7.4190235
        ]
      },
      "id": "node/1347352057"
    },
    {
      "type": "Feature",
      "properties": {
        "@id": "node/1347352060",
        "ele": "85",
        "name": "Kedungbanteng",
        "network": "KAI",
        "network:wikidata": "Q2745027",
        "public_transport": "station",
        "railway": "station",
        "railway:ref": "KDB",
        "train": "yes",
        "wikidata": "Q2353211",
        "wikipedia": "id:Stasiun Kedungbanteng"
      },
      "geometry": {
        "type": "Point",
        "coordinates": [
          111.1171061,
          -7.405233
        ]
      },
      "id": "node/1347352060"
    },
    {
      "type": "Feature",
      "properties": {
        "@id": "node/1347352063",
        "ele": "98",
        "name": "Kemiri",
        "network": "KAI",
        "network:wikidata": "Q2745027",
        "public_transport": "station",
        "railway": "station",
        "train": "yes",
        "wikidata": "Q2665775",
        "wikipedia": "id:Stasiun Kemiri"
      },
      "geometry": {
        "type": "Point",
        "coordinates": [
          110.9011834,
          -7.5347881
        ]
      },
      "id": "node/1347352063"
    },
    {
      "type": "Feature",
      "properties": {
        "@id": "node/1347352069",
        "ele": "96",
        "name": "Palur",
        "network": "KAI Commuter",
        "network:wikidata": "Q12501611",
        "public_transport": "station",
        "railway": "station",
        "railway:ref": "PL",
        "train": "yes",
        "wheelchair": "yes",
        "wikidata": "Q2158635",
        "wikipedia": "id:Stasiun Palur"
      },
      "geometry": {
        "type": "Point",
        "coordinates": [
          110.8752865,
          -7.5681155
        ]
      },
      "id": "node/1347352069"
    },
    {
      "type": "Feature",
      "properties": {
        "@id": "node/1347352075",
        "ele": "86",
        "name": "Sragen",
        "network": "KAI",
        "network:wikidata": "Q2745027",
        "public_transport": "station",
        "railway": "station",
        "railway:ref": "SR",
        "train": "yes",
        "wikidata": "Q3018081",
        "wikipedia": "id:Stasiun Sragen"
      },
      "geometry": {
        "type": "Point",
        "coordinates": [
          111.017835,
          -7.429436
        ]
      },
      "id": "node/1347352075"
    },
    {
      "type": "Feature",
      "properties": {
        "@id": "node/1347355649",
        "air_conditioning": "yes",
        "class": "2",
        "ele": "75",
        "internet_access": "yes",
        "internet_access:fee": "no",
        "name": "Walikukun",
        "network": "KAI",
        "network:wikidata": "Q2745027",
        "opening_hours": "24/7",
        "operator": "KAI Daop VII Madiun",
        "public_transport": "station",
        "railway": "station",
        "railway:ref": "WK",
        "toilets": "yes",
        "train": "yes",
        "wheelchair": "yes",
        "wikidata": "Q2088132",
        "wikipedia": "id:Stasiun Walikukun"
      },
      "geometry": {
        "type": "Point",
        "coordinates": [
          111.2244869,
          -7.3989084
        ]
      },
      "id": "node/1347355649"
    },
    {
      "type": "Feature",
      "properties": {
        "@id": "node/1347453555",
        "ele": "70",
        "name": "Magetan",
        "network": "KAI",
        "network:wikidata": "Q2745027",
        "old_name": "Barat",
        "public_transport": "station",
        "railway": "station",
        "railway:ref": "MAG",
        "train": "yes",
        "wheelchair": "limited",
        "wikidata": "Q2143893",
        "wikipedia": "id:Stasiun Magetan"
      },
      "geometry": {
        "type": "Point",
        "coordinates": [
          111.4515125,
          -7.5627203
        ]
      },
      "id": "node/1347453555"
    },
    {
      "type": "Feature",
      "properties": {
        "@id": "node/1347453556",
        "ele": "53",
        "name": "Geneng",
        "network": "KAI",
        "network:wikidata": "Q2745027",
        "public_transport": "station",
        "railway": "station",
        "railway:ref": "GG",
        "tourism": "attraction",
        "train": "yes",
        "wheelchair": "limited",
        "wikidata": "Q12516255",
        "wikipedia": "en:Geneng railway station"
      },
      "geometry": {
        "type": "Point",
        "coordinates": [
          111.4188298,
          -7.4981245
        ]
      },
      "id": "node/1347453556"
    },
    {
      "type": "Feature",
      "properties": {
        "@id": "node/1347453557",
        "ele": "75",
        "name": "Kedunggalar",
        "network": "KAI",
        "network:wikidata": "Q2745027",
        "public_transport": "station",
        "railway": "station",
        "railway:ref": "KG",
        "train": "yes",
        "wikidata": "Q1988937",
        "wikipedia": "id:Stasiun Kedunggalar"
      },
      "geometry": {
        "type": "Point",
        "coordinates": [
          111.3069223,
          -7.4184996
        ]
      },
      "id": "node/1347453557"
    },
    {
      "type": "Feature",
      "properties": {
        "@id": "node/1347453558",
        "air_conditioning": "yes",
        "class": "1",
        "ele": "56",
        "internet_access": "yes",
        "internet_access:fee": "no",
        "internet_access:ssid": "Stasiun Ngawi",
        "name": "Ngawi",
        "network": "KAI",
        "network:wikidata": "Q2745027",
        "old_name": "Paron",
        "opening_hours": "24/7",
        "public_transport": "station",
        "railway": "station",
        "railway:ref": "NGW",
        "toilets": "yes",
        "train": "yes",
        "wheelchair": "yes",
        "wikidata": "Q2732069",
        "wikipedia": "id:Stasiun Ngawi"
      },
      "geometry": {
        "type": "Point",
        "coordinates": [
          111.3869462,
          -7.4422788
        ]
      },
      "id": "node/1347453558"
    },
    {
      "type": "Feature",
      "properties": {
        "@id": "node/1347464501",
        "ele": "63",
        "name": "Babadan",
        "network": "KAI",
        "network:wikidata": "Q2745027",
        "public_transport": "station",
        "railway": "station",
        "railway:ref": "BBD",
        "train": "yes",
        "wikidata": "Q2430219",
        "wikipedia": "en:Babadan railway station"
      },
      "geometry": {
        "type": "Point",
        "coordinates": [
          111.5895237,
          -7.586738
        ]
      },
      "id": "node/1347464501"
    },
    {
      "type": "Feature",
      "properties": {
        "@id": "node/1347464502",
        "ele": "74",
        "name": "Caruban",
        "network": "KAI",
        "network:wikidata": "Q2745027",
        "public_transport": "station",
        "railway": "station",
        "railway:ref": "CRB",
        "train": "yes",
        "wheelchair": "limited",
        "wikidata": "Q2568414",
        "wikipedia": "en:Caruban railway station"
      },
      "geometry": {
        "type": "Point",
        "coordinates": [
          111.6559475,
          -7.5511802
        ]
      },
      "id": "node/1347464502"
    },
    {
      "type": "Feature",
      "properties": {
        "@id": "node/1347464503",
        "ele": "107",
        "name": "Saradan",
        "network": "KAI",
        "network:wikidata": "Q2745027",
        "public_transport": "station",
        "railway": "station",
        "railway:ref": "SRD",
        "train": "yes",
        "wikidata": "Q2000599",
        "wikipedia": "en:Saradan railway station"
      },
      "geometry": {
        "type": "Point",
        "coordinates": [
          111.732159,
          -7.5475301
        ]
      },
      "id": "node/1347464503"
    },
    {
      "type": "Feature",
      "properties": {
        "@id": "node/1347467266",
        "ele": "58",
        "name": "Bagor",
        "network": "KAI",
        "network:wikidata": "Q2745027",
        "public_transport": "station",
        "railway": "station",
        "railway:ref": "BGR",
        "train": "yes",
        "wikidata": "Q2736253",
        "wikipedia": "en:Bagor railway station"
      },
      "geometry": {
        "type": "Point",
        "coordinates": [
          111.8531208,
          -7.5718704
        ]
      },
      "id": "node/1347467266"
    },
    {
      "type": "Feature",
      "properties": {
        "@id": "node/1347469905",
        "ele": "46",
        "name": "Baron",
        "network": "KAI",
        "network:wikidata": "Q2745027",
        "public_transport": "station",
        "railway": "station",
        "railway:ref": "BRN",
        "train": "yes",
        "wikidata": "Q655183",
        "wikipedia": "id:Stasiun Baron"
      },
      "geometry": {
        "type": "Point",
        "coordinates": [
          112.0393837,
          -7.602829
        ]
      },
      "id": "node/1347469905"
    },
    {
      "type": "Feature",
      "properties": {
        "@id": "node/1347469906",
        "ele": "58",
        "name": "Nganjuk",
        "name:id": "Nganjuk",
        "name:zh": "安褥",
        "network": "KAI",
        "network:wikidata": "Q2745027",
        "public_transport": "station",
        "railway": "station",
        "railway:ref": "NJ",
        "train": "yes",
        "wheelchair": "limited",
        "wikidata": "Q2042667",
        "wikipedia": "en:Nganjuk railway station"
      },
      "geometry": {
        "type": "Point",
        "coordinates": [
          111.9027186,
          -7.600335
        ]
      },
      "id": "node/1347469906"
    },
    {
      "type": "Feature",
      "properties": {
        "@id": "node/1347469907",
        "ele": "50",
        "name": "Sukomoro",
        "network": "KAI",
        "network:wikidata": "Q2745027",
        "public_transport": "station",
        "railway": "station",
        "railway:ref": "SKM",
        "train": "yes",
        "wikidata": "Q2093998",
        "wikipedia": "en:Sukomoro railway station"
      },
      "geometry": {
        "type": "Point",
        "coordinates": [
          111.9424005,
          -7.6027016
        ]
      },
      "id": "node/1347469907"
    },
    {
      "type": "Feature",
      "properties": {
        "@id": "node/1347473860",
        "ele": "56",
        "name": "Minggiran",
        "network": "KAI",
        "network:wikidata": "Q2745027",
        "operator": "Kereta Api Indonesia",
        "public_transport": "station",
        "railway": "station",
        "railway:ref": "MGN",
        "train": "yes",
        "wikidata": "Q12516306",
        "wikipedia": "id:Stasiun Minggiran"
      },
      "geometry": {
        "type": "Point",
        "coordinates": [
          112.0575847,
          -7.7281841
        ]
      },
      "id": "node/1347473860"
    },
    {
      "type": "Feature",
      "properties": {
        "@id": "node/1347473861",
        "ele": "52",
        "name": "Papar",
        "network": "KAI",
        "network:wikidata": "Q2745027",
        "public_transport": "station",
        "railway": "station",
        "railway:ref": "PPR",
        "train": "yes",
        "wikidata": "Q2643935",
        "wikipedia": "id:Stasiun Papar"
      },
      "geometry": {
        "type": "Point",
        "coordinates": [
          112.0796715,
          -7.6976378
        ]
      },
      "id": "node/1347473861"
    },
    {
      "type": "Feature",
      "properties": {
        "@id": "node/1347473862",
        "ele": "59",
        "name": "Purwoasri",
        "network": "KAI Commuter",
        "network:wikidata": "Q12501611",
        "public_transport": "station",
        "railway": "station",
        "railway:ref": "PWA",
        "train": "yes",
        "wheelchair": "no",
        "wikidata": "Q14387177",
        "wikipedia": "id:Stasiun Purwoasri"
      },
      "geometry": {
        "type": "Point",
        "coordinates": [
          112.1002279,
          -7.6474024
        ]
      },
      "id": "node/1347473862"
    },
    {
      "type": "Feature",
      "properties": {
        "@id": "node/1347473863",
        "ele": "60",
        "name": "Susuhan",
        "network": "KAI",
        "network:wikidata": "Q2745027",
        "public_transport": "station",
        "railway": "station",
        "railway:ref": "SS",
        "train": "yes",
        "wikidata": "Q2525591",
        "wikipedia": "id:Stasiun Susuhan"
      },
      "geometry": {
        "type": "Point",
        "coordinates": [
          112.0261498,
          -7.7712035
        ]
      },
      "id": "node/1347473863"
    },
    {
      "type": "Feature",
      "properties": {
        "@id": "node/1347886702",
        "ele": "79",
        "name": "Kras",
        "network": "KAI Commuter",
        "network:wikidata": "Q12501611",
        "operator": "Kereta Api Indonesia",
        "public_transport": "station",
        "railway": "station",
        "railway:ref": "KRS",
        "train": "yes",
        "wikidata": "Q3121766",
        "wikipedia": "id:Stasiun Kras"
      },
      "geometry": {
        "type": "Point",
        "coordinates": [
          111.9603122,
          -7.9486794
        ]
      },
      "id": "node/1347886702"
    },
    {
      "type": "Feature",
      "properties": {
        "@id": "node/1347886714",
        "ele": "87",
        "name": "Ngujang",
        "network": "KAI Commuter",
        "network:wikidata": "Q12501611",
        "public_transport": "station",
        "railway": "station",
        "railway:ref": "NJG",
        "train": "yes",
        "wikidata": "Q2337160",
        "wikipedia": "id:Stasiun Ngujang",
        "wikipedia:id": "Stasiun Ngujang"
      },
      "geometry": {
        "type": "Point",
        "coordinates": [
          111.9269947,
          -8.0104875
        ]
      },
      "id": "node/1347886714"
    },
    {
      "type": "Feature",
      "properties": {
        "@id": "node/1347886717",
        "ele": "104",
        "name": "Ngunut",
        "network": "KAI",
        "network:wikidata": "Q2745027",
        "public_transport": "station",
        "railway": "station",
        "railway:ref": "NT",
        "train": "yes",
        "wikidata": "Q2801297",
        "wikipedia": "id:Stasiun Ngunut"
      },
      "geometry": {
        "type": "Point",
        "coordinates": [
          112.012079,
          -8.1028767
        ]
      },
      "id": "node/1347886717"
    },
    {
      "type": "Feature",
      "properties": {
        "@id": "node/1347886722",
        "ele": "85",
        "name": "Tulungagung",
        "name:id": "Tulungagung",
        "name:zh": "多隆亞公",
        "network": "KAI",
        "network:wikidata": "Q2745027",
        "public_transport": "station",
        "railway": "station",
        "railway:ref": "TA",
        "train": "yes",
        "wikidata": "Q2847160",
        "wikimedia_commons": "File:Stasiun Tulungagung 25.jpg",
        "wikipedia": "id:Stasiun Tulungagung"
      },
      "geometry": {
        "type": "Point",
        "coordinates": [
          111.9046763,
          -8.0629684
        ]
      },
      "id": "node/1347886722"
    },
    {
      "type": "Feature",
      "properties": {
        "@id": "node/1347934166",
        "ele": "244",
        "name": "Talun",
        "network": "KAI Commuter",
        "network:wikidata": "Q12501611",
        "public_transport": "station",
        "railway": "station",
        "railway:ref": "TAL",
        "train": "yes",
        "wikidata": "Q2581728",
        "wikipedia": "id:Stasiun Talun"
      },
      "geometry": {
        "type": "Point",
        "coordinates": [
          112.2885394,
          -8.0916077
        ]
      },
      "id": "node/1347934166"
    },
    {
      "type": "Feature",
      "properties": {
        "@id": "node/1347952472",
        "ele": "319",
        "name": "Ngebruk",
        "network": "KAI Commuter",
        "network:wikidata": "Q12501611",
        "operator": "KAI",
        "public_transport": "station",
        "railway": "station",
        "railway:ref": "NB",
        "train": "yes",
        "wikidata": "Q2609721",
        "wikipedia": "id:Stasiun Ngebruk"
      },
      "geometry": {
        "type": "Point",
        "coordinates": [
          112.5168449,
          -8.1519128
        ]
      },
      "id": "node/1347952472"
    },
    {
      "type": "Feature",
      "properties": {
        "@id": "node/1359918326",
        "ele": "3",
        "name": "Pasuruan",
        "network": "KAI",
        "network:wikidata": "Q2745027",
        "public_transport": "station",
        "railway": "station",
        "railway:ref": "PS",
        "train": "yes",
        "wikidata": "Q115518443",
        "wikipedia": "en:Pasuruan railway station"
      },
      "geometry": {
        "type": "Point",
        "coordinates": [
          112.9101355,
          -7.6377552
        ]
      },
      "id": "node/1359918326"
    },
    {
      "type": "Feature",
      "properties": {
        "@id": "node/1359952188",
        "addr:city": "Gedangan, East Java",
        "addr:housenumber": "No. 1",
        "addr:postcode": "61254",
        "addr:street": "JL. Stasiun",
        "ele": "4",
        "name": "Gedangan",
        "network": "KAI Commuter",
        "network:wikidata": "Q12501611",
        "operator": "Kereta Api Indonesia (Persero)",
        "public_transport": "station",
        "railway": "station",
        "railway:ref": "GDG",
        "train": "yes",
        "wikidata": "Q2796090",
        "wikipedia": "id:Stasiun Gedangan (Sidoarjo)"
      },
      "geometry": {
        "type": "Point",
        "coordinates": [
          112.7285913,
          -7.3889859
        ]
      },
      "id": "node/1359952188"
    },
    {
      "type": "Feature",
      "properties": {
        "@id": "node/1359984062",
        "addr:city": "Surabaya",
        "ele": "2.5",
        "name": "Sidotopo",
        "network": "KAI",
        "network:wikidata": "Q2745027",
        "operator": "PT Kereta Api Indonesia",
        "public_transport": "station",
        "railway": "station",
        "railway:ref": "SDT",
        "source": "HOT_InAWARESurvey_2016",
        "train": "yes",
        "wikidata": "Q2538583",
        "wikipedia": "id:Stasiun Sidotopo"
      },
      "geometry": {
        "type": "Point",
        "coordinates": [
          112.7568868,
          -7.2352885
        ]
      },
      "id": "node/1359984062"
    },
    {
      "type": "Feature",
      "properties": {
        "@id": "node/1360005131",
        "ele": "16",
        "name": "Grati",
        "network": "KAI",
        "network:wikidata": "Q2745027",
        "public_transport": "station",
        "railway": "station",
        "railway:ref": "GI",
        "train": "yes",
        "wikidata": "Q12516258",
        "wikipedia": "id:Stasiun Grati"
      },
      "geometry": {
        "type": "Point",
        "coordinates": [
          113.0120572,
          -7.7173725
        ]
      },
      "id": "node/1360005131"
    },
    {
      "type": "Feature",
      "properties": {
        "@id": "node/1360005153",
        "ele": "6",
        "name": "Bayeman",
        "network": "KAI",
        "network:wikidata": "Q2745027",
        "public_transport": "station",
        "railway": "station",
        "railway:ref": "BYM",
        "train": "yes",
        "wikidata": "Q12516224",
        "wikipedia": "id:Stasiun Bayeman"
      },
      "geometry": {
        "type": "Point",
        "coordinates": [
          113.1188195,
          -7.7345295
        ]
      },
      "id": "node/1360005153"
    },
    {
      "type": "Feature",
      "properties": {
        "@id": "node/1360626493",
        "ele": "6",
        "name": "Rejoso",
        "network": "KAI",
        "network:wikidata": "Q2745027",
        "public_transport": "station",
        "railway": "station",
        "railway:ref": "RO",
        "train": "yes",
        "wikidata": "Q12516332",
        "wikipedia": "id:Stasiun Rejoso"
      },
      "geometry": {
        "type": "Point",
        "coordinates": [
          112.9679326,
          -7.691326
        ]
      },
      "id": "node/1360626493"
    },
    {
      "type": "Feature",
      "properties": {
        "@id": "node/1360653416",
        "ele": "193",
        "name": "Klakah",
        "network": "KAI",
        "network:wikidata": "Q2745027",
        "public_transport": "station",
        "railway": "station",
        "railway:ref": "KK",
        "train": "yes",
        "wikidata": "Q19741054",
        "wikipedia": "id:Stasiun Klakah"
      },
      "geometry": {
        "type": "Point",
        "coordinates": [
          113.249363,
          -7.9941566
        ]
      },
      "id": "node/1360653416"
    },
    {
      "type": "Feature",
      "properties": {
        "@id": "node/1360653431",
        "ele": "138",
        "name": "Malasan",
        "network": "KAI",
        "network:wikidata": "Q2745027",
        "public_transport": "station",
        "railway": "station",
        "railway:ref": "MLS",
        "train": "yes",
        "wikidata": "Q12516300",
        "wikipedia": "id:Stasiun Malasan"
      },
      "geometry": {
        "type": "Point",
        "coordinates": [
          113.2604547,
          -7.8860722
        ]
      },
      "id": "node/1360653431"
    },
    {
      "type": "Feature",
      "properties": {
        "@id": "node/1360653435",
        "ele": "5",
        "name": "Probolinggo",
        "name:id": "Stasiun Probolinggo",
        "network": "KAI",
        "network:wikidata": "Q2745027",
        "public_transport": "station",
        "railway": "station",
        "railway:ref": "PB",
        "train": "yes",
        "wikidata": "Q1982664",
        "wikipedia": "id:Stasiun Probolinggo"
      },
      "geometry": {
        "type": "Point",
        "coordinates": [
          113.2159766,
          -7.7427074
        ]
      },
      "id": "node/1360653435"
    },
    {
      "type": "Feature",
      "properties": {
        "@id": "node/1360653438",
        "ele": "248",
        "name": "Ranuyoso",
        "network": "KAI",
        "network:wikidata": "Q2745027",
        "public_transport": "station",
        "railway": "station",
        "railway:ref": "RN",
        "train": "yes",
        "wikidata": "Q12516331",
        "wikipedia": "id:Stasiun Ranuyoso"
      },
      "geometry": {
        "type": "Point",
        "coordinates": [
          113.2368703,
          -7.9543972
        ]
      },
      "id": "node/1360653438"
    },
    {
      "type": "Feature",
      "properties": {
        "@id": "node/1360725866",
        "ele": "49",
        "name": "Bangsalsari",
        "network": "KAI",
        "network:wikidata": "Q2745027",
        "public_transport": "station",
        "railway": "station",
        "railway:ref": "BSS",
        "train": "yes",
        "wikidata": "Q12516218",
        "wikipedia": "id:Stasiun Bangsalsari"
      },
      "geometry": {
        "type": "Point",
        "coordinates": [
          113.5332331,
          -8.2029806
        ]
      },
      "id": "node/1360725866"
    },
    {
      "type": "Feature",
      "properties": {
        "@id": "node/1360725869",
        "addr:city": "Jember",
        "addr:street": "Jl. Wijaya Kusuma",
        "ele": "89",
        "internet_access": "yes",
        "internet_access:fee": "no",
        "name": "Jember",
        "network": "KAI",
        "network:wikidata": "Q2745027",
        "operator": "PT Kereta Api Indonesia (Persero)",
        "public_transport": "station",
        "railway": "station",
        "railway:ref": "JR",
        "train": "yes",
        "wikidata": "Q2711265",
        "wikipedia": "id:Stasiun Jember",
        "wikipedia:id": "Stasiun Jember"
      },
      "geometry": {
        "type": "Point",
        "coordinates": [
          113.703457,
          -8.1646972
        ]
      },
      "id": "node/1360725869"
    },
    {
      "type": "Feature",
      "properties": {
        "@id": "node/1360725876",
        "ele": "265",
        "name": "Kalisat",
        "network": "KAI",
        "network:wikidata": "Q2745027",
        "public_transport": "station",
        "railway": "station",
        "railway:ref": "KLT",
        "tourism": "attraction",
        "train": "yes",
        "wikidata": "Q12516269",
        "wikipedia": "id:Stasiun Kalisat"
      },
      "geometry": {
        "type": "Point",
        "coordinates": [
          113.8123498,
          -8.1268771
        ]
      },
      "id": "node/1360725876"
    },
    {
      "type": "Feature",
      "properties": {
        "@id": "node/1360725877",
        "ele": "46",
        "name": "Mangli",
        "network": "KAI",
        "network:wikidata": "Q2745027",
        "public_transport": "station",
        "railway": "station",
        "railway:ref": "MI",
        "train": "yes",
        "wikidata": "Q2981361",
        "wikipedia": "id:Stasiun Mangli",
        "wikipedia:id": "Stasiun Mangli"
      },
      "geometry": {
        "type": "Point",
        "coordinates": [
          113.6483607,
          -8.1908552
        ]
      },
      "id": "node/1360725877"
    },
    {
      "type": "Feature",
      "properties": {
        "@id": "node/1360725878",
        "ele": "52",
        "name": "Rambipuji",
        "network": "KAI",
        "network:wikidata": "Q2745027",
        "public_transport": "station",
        "railway": "station",
        "railway:ref": "RBP",
        "train": "yes",
        "wikidata": "Q1924181",
        "wikipedia": "id:Stasiun Rambipuji",
        "wikipedia:id": "Stasiun Rambipuji"
      },
      "geometry": {
        "type": "Point",
        "coordinates": [
          113.6143952,
          -8.2032715
        ]
      },
      "id": "node/1360725878"
    },
    {
      "type": "Feature",
      "properties": {
        "@id": "node/1361078000",
        "ele": "10",
        "name": "Boharan",
        "network": "KAI Commuter",
        "network:wikidata": "Q12501611",
        "public_transport": "station",
        "railway": "station",
        "railway:ref": "BH",
        "train": "yes",
        "wikidata": "Q19740870",
        "wikipedia": "id:Stasiun Boharan"
      },
      "geometry": {
        "type": "Point",
        "coordinates": [
          112.6192723,
          -7.3879686
        ]
      },
      "id": "node/1361078000"
    },
    {
      "type": "Feature",
      "properties": {
        "@id": "node/1361078001",
        "ele": "25",
        "name": "Curahmalang",
        "network": "KAI Commuter",
        "network:wikidata": "Q12501611",
        "public_transport": "station",
        "railway": "station",
        "railway:ref": "CRM",
        "train": "yes",
        "wikidata": "Q2556055",
        "wikipedia": "id:Stasiun Curahmalang",
        "wikipedia:id": "Stasiun Curahmalang"
      },
      "geometry": {
        "type": "Point",
        "coordinates": [
          112.3700361,
          -7.5071167
        ]
      },
      "id": "node/1361078001"
    },
    {
      "type": "Feature",
      "properties": {
        "@id": "node/1361078003",
        "ele": "13",
        "name": "Kedinding",
        "network": "KAI Commuter",
        "network:wikidata": "Q12501611",
        "public_transport": "station",
        "railway": "station",
        "railway:ref": "KDN",
        "train": "yes",
        "wheelchair": "yes",
        "wikidata": "Q12516284",
        "wikipedia": "id:Stasiun Kedinding"
      },
      "geometry": {
        "type": "Point",
        "coordinates": [
          112.5516808,
          -7.4376838
        ]
      },
      "id": "node/1361078003"
    },
    {
      "type": "Feature",
      "properties": {
        "@id": "node/1361078004",
        "ele": "14",
        "name": "Krian",
        "network": "KAI Commuter",
        "network:wikidata": "Q12501611",
        "public_transport": "station",
        "railway": "station",
        "railway:ref": "KRN",
        "train": "yes",
        "wikidata": "Q2225991",
        "wikipedia": "id:Stasiun Krian"
      },
      "geometry": {
        "type": "Point",
        "coordinates": [
          112.5866604,
          -7.4097377
        ]
      },
      "id": "node/1361078004"
    },
    {
      "type": "Feature",
      "properties": {
        "@id": "node/1361078006",
        "addr:city": "Peterongan",
        "addr:postcode": "61481",
        "ele": "33",
        "name": "Peterongan",
        "network": "KAI Commuter",
        "network:wikidata": "Q12501611",
        "public_transport": "station",
        "railway": "station",
        "railway:ref": "PTR",
        "tourism": "attraction",
        "train": "yes",
        "wikidata": "Q3054794",
        "wikipedia": "id:Stasiun Peterongan"
      },
      "geometry": {
        "type": "Point",
        "coordinates": [
          112.279445,
          -7.5417187
        ]
      },
      "id": "node/1361078006"
    },
    {
      "type": "Feature",
      "properties": {
        "@id": "node/1361078007",
        "ele": "47",
        "name": "Sembung",
        "network": "KAI Commuter",
        "network:wikidata": "Q12501611",
        "public_transport": "station",
        "railway": "station",
        "railway:ref": "SMB",
        "tourism": "attraction",
        "train": "yes",
        "wikidata": "Q2237246",
        "wikipedia": "en:Sembung railway station"
      },
      "geometry": {
        "type": "Point",
        "coordinates": [
          112.1671585,
          -7.5825814
        ]
      },
      "id": "node/1361078007"
    },
    {
      "type": "Feature",
      "properties": {
        "@id": "node/1361078011",
        "ele": "11",
        "name": "Tulangan",
        "network": "KAI Commuter",
        "network:wikidata": "Q12501611",
        "operator": "PT Kereta Api Indonesia (Persero)",
        "public_transport": "station",
        "railway": "station",
        "railway:ref": "TLN",
        "tourism": "attraction",
        "train": "yes",
        "wikidata": "Q19741311",
        "wikipedia": "id:Stasiun Tulangan"
      },
      "geometry": {
        "type": "Point",
        "coordinates": [
          112.6510185,
          -7.4655613
        ]
      },
      "id": "node/1361078011"
    },
    {
      "type": "Feature",
      "properties": {
        "@id": "node/1361080347",
        "ele": "42",
        "name": "Jambon",
        "network": "KAI",
        "network:wikidata": "Q2745027",
        "operator": "PT Kereta Api Indonesia (Persero)",
        "public_transport": "station",
        "railway": "station",
        "railway:ref": "JBN",
        "train": "yes",
        "wikidata": "Q12516264",
        "wikipedia": "id:Stasiun Jambon"
      },
      "geometry": {
        "type": "Point",
        "coordinates": [
          111.0101,
          -7.1503324
        ]
      },
      "id": "node/1361080347"
    },
    {
      "type": "Feature",
      "properties": {
        "@id": "node/1362181949",
        "ele": "47",
        "name": "Panunggalan",
        "network": "KAI",
        "network:wikidata": "Q2745027",
        "operator": "PT Kereta Api Indonesia (Persero)",
        "public_transport": "station",
        "railway": "station",
        "railway:ref": "PNL",
        "train": "yes",
        "wikidata": "Q12516312",
        "wikipedia": "id:Stasiun Panunggalan"
      },
      "geometry": {
        "type": "Point",
        "coordinates": [
          111.0607188,
          -7.1527079
        ]
      },
      "id": "node/1362181949"
    },
    {
      "type": "Feature",
      "properties": {
        "@id": "node/1362217419",
        "ele": "28",
        "name": "Cepu",
        "network": "KAI",
        "network:wikidata": "Q2745027",
        "public_transport": "station",
        "railway": "station",
        "railway:ref": "CU",
        "train": "yes",
        "wikidata": "Q2294309",
        "wikipedia": "id:Stasiun Cepu"
      },
      "geometry": {
        "type": "Point",
        "coordinates": [
          111.5908695,
          -7.1545441
        ]
      },
      "id": "node/1362217419"
    },
    {
      "type": "Feature",
      "properties": {
        "@id": "node/1362217420",
        "ele": "77",
        "name": "Doplang",
        "network": "KAI",
        "network:wikidata": "Q2745027",
        "public_transport": "station",
        "railway": "station",
        "railway:ref": "DPL",
        "train": "yes",
        "wikidata": "Q12516252",
        "wikipedia": "id:Stasiun Doplang"
      },
      "geometry": {
        "type": "Point",
        "coordinates": [
          111.2880608,
          -7.1828075
        ]
      },
      "id": "node/1362217420"
    },
    {
      "type": "Feature",
      "properties": {
        "@id": "node/1362217421",
        "ele": "52",
        "name": "Randublatung",
        "network": "KAI",
        "network:wikidata": "Q2745027",
        "public_transport": "station",
        "railway": "station",
        "railway:ref": "RBG",
        "train": "yes",
        "wikidata": "Q1905204",
        "wikipedia": "id:Stasiun Randublatung"
      },
      "geometry": {
        "type": "Point",
        "coordinates": [
          111.3980547,
          -7.1921755
        ]
      },
      "id": "node/1362217421"
    },
    {
      "type": "Feature",
      "properties": {
        "@id": "node/1362217422",
        "ele": "42",
        "name": "Wadu",
        "network": "KAI",
        "network:wikidata": "Q2745027",
        "public_transport": "station",
        "railway": "station",
        "railway:ref": "WDU",
        "train": "yes",
        "wikidata": "Q12516362",
        "wikipedia": "id:Stasiun Wadu"
      },
      "geometry": {
        "type": "Point",
        "coordinates": [
          111.5004874,
          -7.1962854
        ]
      },
      "id": "node/1362217422"
    },
    {
      "type": "Feature",
      "properties": {
        "@id": "node/1362217605",
        "ele": "34",
        "name": "Kapuan",
        "network": "KAI",
        "network:wikidata": "Q2745027",
        "public_transport": "station",
        "railway": "station",
        "railway:ref": "KPA",
        "train": "yes",
        "wikidata": "Q12516274",
        "wikipedia": "id:Stasiun Kapuan"
      },
      "geometry": {
        "type": "Point",
        "coordinates": [
          111.5542223,
          -7.1890959
        ]
      },
      "id": "node/1362217605"
    },
    {
      "type": "Feature",
      "properties": {
        "@id": "node/1363024328",
        "ele": "464",
        "name": "Tuntang",
        "operator": "KAI WIsata",
        "public_transport": "station",
        "railway": "station",
        "railway:ref": "TTG",
        "train": "yes",
        "wikidata": "Q12516360",
        "wikipedia": "id:Stasiun Tuntang"
      },
      "geometry": {
        "type": "Point",
        "coordinates": [
          110.4540419,
          -7.2608171
        ]
      },
      "id": "node/1363024328"
    },
    {
      "type": "Feature",
      "properties": {
        "@id": "node/1363177695",
        "ele": "25",
        "name": "Tobo",
        "network": "KAI",
        "network:wikidata": "Q2745027",
        "public_transport": "station",
        "railway": "station",
        "railway:ref": "TBO",
        "train": "yes",
        "wikidata": "Q12516358",
        "wikipedia": "id:Stasiun Tobo"
      },
      "geometry": {
        "type": "Point",
        "coordinates": [
          111.6542799,
          -7.1720727
        ]
      },
      "id": "node/1363177695"
    },
    {
      "type": "Feature",
      "properties": {
        "@id": "node/1363179179",
        "ele": "24",
        "name": "Kalitidu",
        "network": "KAI",
        "network:wikidata": "Q2745027",
        "public_transport": "station",
        "railway": "station",
        "railway:ref": "KIT",
        "train": "yes",
        "wikidata": "Q2253819",
        "wikipedia": "id:Stasiun Kalitidu"
      },
      "geometry": {
        "type": "Point",
        "coordinates": [
          111.7672981,
          -7.131771
        ]
      },
      "id": "node/1363179179"
    },
    {
      "type": "Feature",
      "properties": {
        "@id": "node/1363190155",
        "ele": "7",
        "name": "Babat",
        "network": "KAI",
        "network:wikidata": "Q2745027",
        "public_transport": "station",
        "railway": "station",
        "railway:ref": "BBT",
        "train": "yes",
        "wikidata": "Q2306843",
        "wikipedia": "id:Stasiun Babat"
      },
      "geometry": {
        "type": "Point",
        "coordinates": [
          112.1688743,
          -7.1063013
        ]
      },
      "id": "node/1363190155"
    },
    {
      "type": "Feature",
      "properties": {
        "@id": "node/1363190156",
        "ele": "21",
        "name": "Bowerno",
        "network": "KAI Commuter",
        "network:wikidata": "Q12501611",
        "public_transport": "station",
        "railway": "station",
        "railway:ref": "BWO",
        "train": "yes",
        "wikidata": "Q12516228",
        "wikipedia": "en:Bowerno railway station"
      },
      "geometry": {
        "type": "Point",
        "coordinates": [
          112.0999028,
          -7.1311836
        ]
      },
      "id": "node/1363190156"
    },
    {
      "type": "Feature",
      "properties": {
        "@id": "node/1363190158",
        "ele": "2",
        "name": "Duduk",
        "network": "KAI Commuter",
        "network:wikidata": "Q12501611",
        "public_transport": "station",
        "railway": "station",
        "railway:ref": "DD",
        "train": "yes",
        "wikidata": "Q2408247",
        "wikipedia": "id:Stasiun Duduk"
      },
      "geometry": {
        "type": "Point",
        "coordinates": [
          112.5204282,
          -7.1547186
        ]
      },
      "id": "node/1363190158"
    },
    {
      "type": "Feature",
      "properties": {
        "@id": "node/1363190159",
        "ele": "20",
        "name": "Kapas",
        "network": "KAI Commuter",
        "network:wikidata": "Q12501611",
        "public_transport": "station",
        "railway": "station",
        "railway:ref": "KPS",
        "train": "yes",
        "wikidata": "Q12516275",
        "wikipedia": "en:Kapas railway station"
      },
      "geometry": {
        "type": "Point",
        "coordinates": [
          111.9333994,
          -7.1993256
        ]
      },
      "id": "node/1363190159"
    },
    {
      "type": "Feature",
      "properties": {
        "@id": "node/1363190160",
        "ele": "2",
        "name": "Lamongan",
        "network": "KAI",
        "network:wikidata": "Q2745027",
        "public_transport": "station",
        "railway": "station",
        "railway:ref": "LMG",
        "train": "yes",
        "wikidata": "Q2396714",
        "wikipedia": "id:Stasiun Lamongan"
      },
      "geometry": {
        "type": "Point",
        "coordinates": [
          112.4202256,
          -7.1124365
        ]
      },
      "id": "node/1363190160"
    },
    {
      "type": "Feature",
      "properties": {
        "@id": "node/1363190161",
        "ele": "6",
        "name": "Pucuk",
        "network": "KAI Commuter",
        "network:wikidata": "Q12501611",
        "public_transport": "station",
        "railway": "station",
        "railway:ref": "PC",
        "train": "yes",
        "wikidata": "Q12516324",
        "wikipedia": "id:Stasiun Pucuk"
      },
      "geometry": {
        "type": "Point",
        "coordinates": [
          112.2698043,
          -7.0976266
        ]
      },
      "id": "node/1363190161"
    },
    {
      "type": "Feature",
      "properties": {
        "@id": "node/1363190162",
        "ele": "16",
        "name": "Sumberrejo",
        "network": "KAI Commuter",
        "network:wikidata": "Q12501611",
        "public_transport": "station",
        "railway": "station",
        "railway:ref": "SRJ",
        "train": "yes",
        "wikidata": "Q12516347",
        "wikipedia": "en:Sumberejo railway station"
      },
      "geometry": {
        "type": "Point",
        "coordinates": [
          112.0015718,
          -7.1777587
        ]
      },
      "id": "node/1363190162"
    },
    {
      "type": "Feature",
      "properties": {
        "@id": "node/1642327224",
        "alt_name": "Stasiun Depok",
        "ele": "93",
        "electrified": "yes",
        "name": "Depok",
        "name:th": "เดปก",
        "network": "KAI Commuter",
        "network:wikidata": "Q12501611",
        "operator": "PT Kereta Api Indonesia",
        "operator:website": "https://www.kai.id",
        "operator:wikidata": "Q2745027",
        "public_transport": "station",
        "railway": "station",
        "ref": "DP",
        "train": "yes",
        "wikidata": "Q1966687",
        "wikipedia": "id:Stasiun Depok"
      },
      "geometry": {
        "type": "Point",
        "coordinates": [
          106.8170842,
          -6.4048263
        ]
      },
      "id": "node/1642327224"
    },
    {
      "type": "Feature",
      "properties": {
        "@id": "node/1708038679",
        "ele": "92",
        "name": "Sumbergempol",
        "network": "KAI Commuter",
        "network:wikidata": "Q12501611",
        "public_transport": "station",
        "railway": "station",
        "railway:ref": "SBL",
        "train": "yes",
        "wikidata": "Q2391147",
        "wikipedia": "id:Stasiun Sumbergempol"
      },
      "geometry": {
        "type": "Point",
        "coordinates": [
          111.944684,
          -8.0824917
        ]
      },
      "id": "node/1708038679"
    },
    {
      "type": "Feature",
      "properties": {
        "@id": "node/1731393308",
        "ele": "116",
        "name": "Rejotangan",
        "network": "KAI Commuter",
        "network:wikidata": "Q12501611",
        "public_transport": "station",
        "railway": "station",
        "ref": "RJ",
        "train": "yes",
        "wikidata": "Q2152908",
        "wikipedia": "id:Stasiun Rejotangan"
      },
      "geometry": {
        "type": "Point",
        "coordinates": [
          112.0811804,
          -8.1209345
        ]
      },
      "id": "node/1731393308"
    },
    {
      "type": "Feature",
      "properties": {
        "@id": "node/1805529112",
        "ele": "56",
        "name": "Argopuro",
        "network": "KAI",
        "network:wikidata": "Q2745027",
        "public_transport": "station",
        "railway": "station",
        "railway:ref": "AGO",
        "train": "yes",
        "wikidata": "Q2978869",
        "wikipedia": "id:Stasiun Argopuro"
      },
      "geometry": {
        "type": "Point",
        "coordinates": [
          114.3692329,
          -8.1835002
        ]
      },
      "id": "node/1805529112"
    },
    {
      "type": "Feature",
      "properties": {
        "@id": "node/1805529192",
        "addr:city": "Banyuwangi",
        "addr:street": "Jalan Stasiun Karangasem",
        "ele": "82",
        "name": "Banyuwangi Kota",
        "network": "KAI",
        "network:wikidata": "Q2745027",
        "old_name": "Karangasem",
        "operator": "PT. Kereta Api Indonesia (Persero);PT Kereta Api Indonesia",
        "public_transport": "station",
        "railway": "station",
        "railway:ref": "BWI",
        "train": "yes",
        "wikidata": "Q12516276",
        "wikipedia": "id:Stasiun Banyuwangi Kota"
      },
      "geometry": {
        "type": "Point",
        "coordinates": [
          114.3406551,
          -8.2228722
        ]
      },
      "id": "node/1805529192"
    },
    {
      "type": "Feature",
      "properties": {
        "@id": "node/1805529399",
        "ele": "160",
        "name": "Singojuruh",
        "network": "KAI",
        "network:wikidata": "Q2745027",
        "public_transport": "station",
        "railway": "station",
        "railway:ref": "SGJ",
        "train": "yes",
        "wikidata": "Q19741251",
        "wikipedia": "id:Stasiun Singojuruh"
      },
      "geometry": {
        "type": "Point",
        "coordinates": [
          114.240545,
          -8.3066286
        ]
      },
      "id": "node/1805529399"
    },
    {
      "type": "Feature",
      "properties": {
        "@id": "node/1805529493",
        "ele": "196",
        "name": "Temuguruh",
        "network": "KAI",
        "network:wikidata": "Q2745027",
        "public_transport": "station",
        "railway": "station",
        "railway:ref": "TGR",
        "train": "yes",
        "wikidata": "Q2788636",
        "wikipedia": "id:Stasiun Temuguruh"
      },
      "geometry": {
        "type": "Point",
        "coordinates": [
          114.2018418,
          -8.3095269
        ]
      },
      "id": "node/1805529493"
    },
    {
      "type": "Feature",
      "properties": {
        "@id": "node/1805734567",
        "ele": "342",
        "name": "Glenmore",
        "network": "KAI",
        "network:wikidata": "Q2745027",
        "operator": "PT KAI, DAOP 9 Jember",
        "public_transport": "station",
        "railway": "station",
        "railway:ref": "GLM",
        "source": "Survey",
        "train": "yes",
        "wikidata": "Q2518212",
        "wikipedia": "id:Stasiun Glenmore"
      },
      "geometry": {
        "type": "Point",
        "coordinates": [
          114.049493,
          -8.2994737
        ]
      },
      "id": "node/1805734567"
    },
    {
      "type": "Feature",
      "properties": {
        "@id": "node/1927103861",
        "ele": "428",
        "name": "Kalibaru",
        "network": "KAI",
        "network:wikidata": "Q2745027",
        "public_transport": "station",
        "railway": "station",
        "railway:ref": "KBR",
        "train": "yes",
        "wikidata": "Q2521750",
        "wikipedia": "id:Stasiun Kalibaru"
      },
      "geometry": {
        "type": "Point",
        "coordinates": [
          113.9842538,
          -8.2887276
        ]
      },
      "id": "node/1927103861"
    },
    {
      "type": "Feature",
      "properties": {
        "@id": "node/1989244032",
        "addr:full": "Jalan Saleh Danasasmita RW 07",
        "alt_name": "Stasiun Batutulis",
        "ele": "299",
        "name": "Batutulis",
        "network": "KAI",
        "network:wikidata": "Q2745027",
        "operator": "PT Kereta Api Indonesia",
        "operator:website": "https://www.kai.id",
        "operator:wikidata": "Q2745027",
        "public_transport": "station",
        "railway": "station",
        "railway:ref": "BTT",
        "train": "yes",
        "wikidata": "Q2090199",
        "wikipedia": "id:Stasiun Batutulis"
      },
      "geometry": {
        "type": "Point",
        "coordinates": [
          106.8097396,
          -6.6261433
        ]
      },
      "id": "node/1989244032"
    },
    {
      "type": "Feature",
      "properties": {
        "@id": "node/2334098791",
        "addr:city": "DKI Jakarta",
        "addr:country": "ID",
        "alt_name": "Stasiun Cawang",
        "ele": "13",
        "name": "Cawang",
        "name:th": "จาวัง",
        "network": "KAI Commuter",
        "network:wikidata": "Q12501611",
        "operator": "PT Kereta Api Indonesia",
        "operator:website": "https://www.kai.id",
        "operator:wikidata": "Q2745027",
        "public_transport": "station",
        "railway": "station",
        "railway:ref": "CW",
        "source": "HOT_InAWARESurvey_2017",
        "train": "yes",
        "wikidata": "Q2199335",
        "wikipedia": "id:Stasiun Cawang"
      },
      "geometry": {
        "type": "Point",
        "coordinates": [
          106.8586903,
          -6.2425517
        ]
      },
      "id": "node/2334098791"
    },
    {
      "type": "Feature",
      "properties": {
        "@id": "node/2341384902",
        "ele": "98",
        "name": "Purwosari",
        "network": "KAI",
        "network:wikidata": "Q2745027",
        "public_transport": "station",
        "railway": "station",
        "railway:ref": "PWS",
        "train": "yes",
        "wikidata": "Q3319978",
        "wikipedia": "id:Stasiun Purwosari"
      },
      "geometry": {
        "type": "Point",
        "coordinates": [
          110.7964303,
          -7.5614182
        ]
      },
      "id": "node/2341384902"
    },
    {
      "type": "Feature",
      "properties": {
        "@id": "node/2372928209",
        "addr:city": "Beji Timur, Depok, West Java",
        "addr:country": "ID",
        "addr:postcode": "16424",
        "addr:street": "Jalan Stasiun UI",
        "alt_name": "Stasiun Universitas Indonesia",
        "ele": "74",
        "name": "Universitas Indonesia",
        "name:th": "มหาวิทยาลัยอินโดนีเซีย",
        "network": "KAI Commuter",
        "network:wikidata": "Q12501611",
        "operator": "PT Kereta Api Indonesia",
        "operator:website": "https://www.kai.id",
        "operator:wikidata": "Q2745027",
        "public_transport": "station",
        "railway": "station",
        "railway:ref": "UI",
        "train": "yes",
        "wheelchair": "yes",
        "wikidata": "Q3249109",
        "wikimedia_commons": "File:Stasiun Universitas Indonesia.jpg",
        "wikipedia": "id:Stasiun Universitas Indonesia"
      },
      "geometry": {
        "type": "Point",
        "coordinates": [
          106.831782,
          -6.3604315
        ]
      },
      "id": "node/2372928209"
    },
    {
      "type": "Feature",
      "properties": {
        "@id": "node/2434649934",
        "ele": "11",
        "name": "Kedundang",
        "network": "KAI",
        "network:wikidata": "Q2745027",
        "operator": "PT Kereta Api Indonesia (Persero)",
        "public_transport": "station",
        "railway": "station",
        "railway:ref": "KDG",
        "train": "yes",
        "wikidata": "Q19741038",
        "wikipedia": "id:Stasiun Kedundang"
      },
      "geometry": {
        "type": "Point",
        "coordinates": [
          110.0993397,
          -7.878169
        ]
      },
      "id": "node/2434649934"
    },
    {
      "type": "Feature",
      "properties": {
        "@id": "node/2781389009",
        "alt_name": "Stasiun Ciomas",
        "ele": "349",
        "name": "Ciomas",
        "network": "KAI",
        "network:wikidata": "Q2745027",
        "operator": "PT Kereta Api Indonesia",
        "operator:website": "https://www.kai.id",
        "operator:wikidata": "Q2745027",
        "public_transport": "station",
        "railway": "station",
        "railway:ref": "CS",
        "train": "yes",
        "wikidata": "Q19740915",
        "wikipedia": "id:Stasiun Ciomas"
      },
      "geometry": {
        "type": "Point",
        "coordinates": [
          106.8170161,
          -6.663597
        ]
      },
      "id": "node/2781389009"
    },
    {
      "type": "Feature",
      "properties": {
        "@id": "node/3056674105",
        "addr:city": "DKI Jakarta",
        "addr:country": "ID",
        "alt_name": "Stasiun Tebet",
        "ele": "17",
        "name": "Tebet",
        "name:th": "เตอเบิต",
        "network": "KAI Commuter",
        "network:wikidata": "Q12501611",
        "operator": "PT Kereta Api Indonesia",
        "operator:website": "https://www.kai.id",
        "operator:wikidata": "Q2745027",
        "public_transport": "station",
        "railway": "station",
        "railway:ref": "TEB",
        "source": "HOT_InAWARESurvey_2017",
        "train": "yes",
        "wikidata": "Q2501705",
        "wikipedia": "id:Stasiun Tebet"
      },
      "geometry": {
        "type": "Point",
        "coordinates": [
          106.8584389,
          -6.2263977
        ]
      },
      "id": "node/3056674105"
    },
    {
      "type": "Feature",
      "properties": {
        "@id": "node/3256517629",
        "alt_name": "Stasiun Gumilir",
        "ele": "7",
        "name": "Gumilir",
        "name:en": "Gumilir",
        "name:id": "Gumilir",
        "network": "KAI",
        "network:wikidata": "Q2745027",
        "operator": "PT Kereta Api Indonesia",
        "operator:website": "https://www.kai.id",
        "operator:wikidata": "Q2745027",
        "public_transport": "station",
        "railway": "station",
        "railway:ref": "GM",
        "train": "yes",
        "wikidata": "Q12516261",
        "wikipedia": "id:Stasiun Gumilir"
      },
      "geometry": {
        "type": "Point",
        "coordinates": [
          109.0424855,
          -7.6850659
        ]
      },
      "id": "node/3256517629"
    },
    {
      "type": "Feature",
      "properties": {
        "@id": "node/3318197253",
        "alt_name": "Stasiun Parungkuda",
        "ele": "396",
        "name": "Parungkuda",
        "network": "KAI",
        "network:wikidata": "Q2745027",
        "operator": "PT Kereta Api Indonesia",
        "operator:website": "https://www.kai.id",
        "operator:wikidata": "Q2745027",
        "public_transport": "station",
        "railway": "station",
        "railway:ref": "PRK",
        "train": "yes",
        "wikidata": "Q2434687",
        "wikipedia": "id:Stasiun Parungkuda"
      },
      "geometry": {
        "type": "Point",
        "coordinates": [
          106.7605635,
          -6.8466613
        ]
      },
      "id": "node/3318197253"
    },
    {
      "type": "Feature",
      "properties": {
        "@id": "node/3370786793",
        "addr:city": "Cimahi",
        "addr:housenumber": "1",
        "addr:postcode": "40521",
        "addr:street": "Jalan Stasiun",
        "alt_name": "Stasiun Cimahi",
        "ele": "723",
        "name": "Cimahi",
        "network": "KAI",
        "network:wikidata": "Q2745027",
        "operator": "PT Kereta Api Indonesia",
        "operator:website": "https://www.kai.id",
        "operator:wikidata": "Q2745027",
        "public_transport": "station",
        "railway": "station",
        "railway:ref": "CMI",
        "train": "yes",
        "wheelchair": "limited",
        "wikidata": "Q2612346",
        "wikipedia": "id:Stasiun Cimahi"
      },
      "geometry": {
        "type": "Point",
        "coordinates": [
          107.5360371,
          -6.8858788
        ]
      },
      "id": "node/3370786793"
    },
    {
      "type": "Feature",
      "properties": {
        "@id": "node/3469731328",
        "alt_name": "Stasiun Bekasi;Stasiun Bekasi Kota;Bekasi Kota",
        "ele": "19",
        "name": "Bekasi",
        "name:en": "Bekasi",
        "name:id": "Bekasi",
        "name:zh": "勿加泗",
        "network": "KAI",
        "network:wikidata": "Q2745027",
        "operator": "PT Kereta Api Indonesia",
        "operator:website": "https://www.kai.id",
        "operator:wikidata": "Q2745027",
        "public_transport": "station",
        "railway": "station",
        "railway:ref": "BKS",
        "train": "yes",
        "wikidata": "Q1811845",
        "wikipedia": "id:Stasiun Bekasi"
      },
      "geometry": {
        "type": "Point",
        "coordinates": [
          106.9987436,
          -6.2362143
        ]
      },
      "id": "node/3469731328"
    },
    {
      "type": "Feature",
      "properties": {
        "@id": "node/3601562828",
        "ele": "97",
        "name": "Solo Jebres",
        "network": "KAI",
        "network:wikidata": "Q2745027",
        "public_transport": "station",
        "railway": "station",
        "railway:ref": "SK",
        "train": "yes",
        "wikidata": "Q2104843",
        "wikipedia": "id:Stasiun Solo Jebres"
      },
      "geometry": {
        "type": "Point",
        "coordinates": [
          110.8394645,
          -7.5622121
        ]
      },
      "id": "node/3601562828"
    },
    {
      "type": "Feature",
      "properties": {
        "@id": "node/3669576142",
        "addr:city": "Blitar",
        "addr:housenumber": "75",
        "addr:postcode": "66111",
        "addr:street": "Jalan Mastrip",
        "ele": "167",
        "name": "Blitar",
        "network": "KAI",
        "network:wikidata": "Q2745027",
        "operator": "PT Kereta Api Indonesia",
        "public_transport": "station",
        "railway": "station",
        "railway:ref": "BL",
        "train": "yes",
        "wikidata": "Q2416582",
        "wikipedia": "en:Blitar railway station"
      },
      "geometry": {
        "type": "Point",
        "coordinates": [
          112.162726,
          -8.1014972
        ]
      },
      "id": "node/3669576142"
    },
    {
      "type": "Feature",
      "properties": {
        "@id": "node/3710351945",
        "addr:city": "Jombang",
        "addr:housenumber": "1",
        "addr:street": "Jalan Jenderal Basuki Rachmat",
        "ele": "44",
        "name": "Jombang",
        "network": "KAI",
        "network:wikidata": "Q2745027",
        "platforms": "5",
        "public_transport": "station",
        "railway": "station",
        "railway:ref": "JG",
        "train": "yes",
        "wikidata": "Q2171280",
        "wikipedia": "id:Stasiun Jombang"
      },
      "geometry": {
        "type": "Point",
        "coordinates": [
          112.2334545,
          -7.5581754
        ]
      },
      "id": "node/3710351945"
    },
    {
      "type": "Feature",
      "properties": {
        "@id": "node/3777581095",
        "ele": "40",
        "name": "Gambringan",
        "network": "KAI",
        "network:wikidata": "Q2745027",
        "operator": "Kereta Api Indonesia (Persero)",
        "public_transport": "station",
        "railway": "station",
        "railway:ref": "GBN",
        "train": "yes",
        "wikidata": "Q2425252",
        "wikipedia": "id:Stasiun Gambringan"
      },
      "geometry": {
        "type": "Point",
        "coordinates": [
          110.9151264,
          -7.1437311
        ]
      },
      "id": "node/3777581095"
    },
    {
      "type": "Feature",
      "properties": {
        "@id": "node/3777693689",
        "ele": "42",
        "name": "Padas",
        "network": "KAI",
        "network:wikidata": "Q2745027",
        "public_transport": "station",
        "railway": "station",
        "railway:ref": "PDS",
        "train": "yes",
        "wikidata": "Q12516310",
        "wikipedia": "id:Stasiun Padas"
      },
      "geometry": {
        "type": "Point",
        "coordinates": [
          110.6719062,
          -7.1791442
        ]
      },
      "id": "node/3777693689"
    },
    {
      "type": "Feature",
      "properties": {
        "@id": "node/3777693751",
        "ele": "63",
        "name": "Telawa",
        "network": "KAI",
        "network:wikidata": "Q2745027",
        "public_transport": "station",
        "railway": "station",
        "railway:ref": "TW",
        "train": "yes",
        "wikidata": "Q19741304",
        "wikipedia": "id:Stasiun Telawa"
      },
      "geometry": {
        "type": "Point",
        "coordinates": [
          110.7519125,
          -7.185774
        ]
      },
      "id": "node/3777693751"
    },
    {
      "type": "Feature",
      "properties": {
        "@id": "node/3865048155",
        "addr:city": "DKI Jakarta",
        "addr:full": "Jalan I Gusti Ngurah Rai",
        "addr:postcode": "13940",
        "alt_name": "Stasiun Buaran",
        "ele": "11",
        "name": "Buaran",
        "name:en": "Buaran",
        "name:id": "Buaran",
        "network": "KAI Commuter",
        "network:wikidata": "Q12501611",
        "operator": "PT Kereta Api Indonesia",
        "operator:website": "https://www.kai.id",
        "operator:wikidata": "Q2745027",
        "public_transport": "station",
        "railway": "station",
        "railway:ref": "BUA",
        "source": "HOT_InAWARESurvey_2017",
        "train": "yes",
        "wikidata": "Q2188800",
        "wikipedia": "id:Stasiun Buaran"
      },
      "geometry": {
        "type": "Point",
        "coordinates": [
          106.92316,
          -6.2156064
        ]
      },
      "id": "node/3865048155"
    },
    {
      "type": "Feature",
      "properties": {
        "@id": "node/3865048788",
        "addr:city": "DKI Jakarta",
        "addr:full": "Jalan Stasiun Cakung",
        "addr:postcode": "13950",
        "addr:street": "Jalan Raya Stasiun Cakung Pulogebang, Cakung",
        "alt_name": "Stasiun Cakung",
        "ele": "18",
        "name": "Cakung",
        "name:en": "Cakung",
        "name:id": "Cakung",
        "network": "KAI Commuter",
        "network:wikidata": "Q12501611",
        "operator": "PT Kereta Api Indonesia",
        "operator:website": "https://www.kai.id",
        "operator:wikidata": "Q2745027",
        "public_transport": "station",
        "railway": "station",
        "railway:ref": "CUK",
        "source": "HOT_InAWARESurvey_2017",
        "train": "yes",
        "wikidata": "Q2793350",
        "wikipedia": "id:Stasiun Cakung"
      },
      "geometry": {
        "type": "Point",
        "coordinates": [
          106.9524791,
          -6.219081
        ]
      },
      "id": "node/3865048788"
    },
    {
      "type": "Feature",
      "properties": {
        "@id": "node/3888886416",
        "alt_name": "Stasiun Citeras",
        "ele": "48",
        "name": "Citeras",
        "network": "KAI Commuter",
        "network:wikidata": "Q12501611",
        "operator": "PT Kereta Api Indonesia",
        "public_transport": "station",
        "railway": "station",
        "railway:ref": "CTR",
        "train": "yes",
        "wikidata": "Q3344642",
        "wikipedia": "id:Stasiun Citeras"
      },
      "geometry": {
        "type": "Point",
        "coordinates": [
          106.3326694,
          -6.3350582
        ]
      },
      "id": "node/3888886416"
    },
    {
      "type": "Feature",
      "properties": {
        "@id": "node/4149249345",
        "addr:city": "DKI Jakarta",
        "addr:full": "Jalan Pramuka Jati",
        "addr:postcode": "10450",
        "alt_name": "Stasiun Kramat",
        "ele": "10",
        "name": "Kramat",
        "name:en": "Kramat",
        "name:id": "Kramat",
        "name:th": "กรามัต",
        "network": "KAI Commuter",
        "network:wikidata": "Q12501611",
        "operator": "PT Kereta Api Indonesia",
        "operator:website": "https://www.kai.id",
        "operator:wikidata": "Q2745027",
        "public_transport": "station",
        "railway": "station",
        "railway:ref": "KMT",
        "source": "HOT_InAWARESurvey_2017",
        "train": "yes",
        "wikidata": "Q1848009",
        "wikipedia": "id:Stasiun Kramat"
      },
      "geometry": {
        "type": "Point",
        "coordinates": [
          106.8565119,
          -6.1936203
        ]
      },
      "id": "node/4149249345"
    },
    {
      "type": "Feature",
      "properties": {
        "@id": "node/4149368915",
        "addr:city": "DKI Jakarta",
        "addr:full": "Jalan Daan Mogot Raya 2",
        "addr:postcode": "11460",
        "alt_name": "Stasiun Pesing",
        "name": "Pesing",
        "name:th": "เปอซิง",
        "network": "KAI Commuter",
        "network:wikidata": "Q12501611",
        "operator": "PT Kereta Api Indonesia",
        "public_transport": "station",
        "railway": "station",
        "railway:ref": "PSG",
        "source": "HOT_InAWARESurvey_2017",
        "train": "yes",
        "wikidata": "Q27963600",
        "wikipedia:en": "Pesing railway station"
      },
      "geometry": {
        "type": "Point",
        "coordinates": [
          106.7719077,
          -6.1612525
        ]
      },
      "id": "node/4149368915"
    },
    {
      "type": "Feature",
      "properties": {
        "@id": "node/4149398980",
        "addr:city": "Depok",
        "addr:country": "ID",
        "addr:district": "Beji",
        "addr:housenumber": "1",
        "addr:postcode": "16421",
        "addr:province": "Jawa Barat",
        "addr:street": "Jalan Stasiun Pondok Cina",
        "ele": "74",
        "name": "Pondok Cina",
        "name:th": "ปนดกจีนา",
        "network": "KAI Commuter",
        "network:wikidata": "Q12501611",
        "operator": "PT Kereta Api Indonesia",
        "operator:website": "https://www.kai.id",
        "operator:wikidata": "Q2745027",
        "public_transport": "station",
        "railway": "station",
        "railway:ref": "PCN",
        "train": "yes",
        "wikidata": "Q2355457",
        "wikipedia": "id:Stasiun Pondok Cina"
      },
      "geometry": {
        "type": "Point",
        "coordinates": [
          106.8320844,
          -6.3690593
        ]
      },
      "id": "node/4149398980"
    },
    {
      "type": "Feature",
      "properties": {
        "@id": "node/4149415299",
        "addr:city": "Poris Jaya, Batu ceper, Tangerang",
        "addr:housenumber": "12",
        "addr:postcode": "15122",
        "addr:street": "Jl. Maulana Hasanudin",
        "alt_name": "Stasiun Poris",
        "name": "Poris",
        "name:th": "โปริซ",
        "network": "KAI Commuter",
        "network:wikidata": "Q12501611",
        "opening_hours": "Mo-Su 09:00-18:00",
        "operator": "PT Kereta Api Indonesia",
        "public_transport": "station",
        "railway": "station",
        "railway:ref": "PI",
        "train": "yes",
        "wikidata": "Q12516321",
        "wikipedia": "id:Stasiun Poris"
      },
      "geometry": {
        "type": "Point",
        "coordinates": [
          106.6807523,
          -6.1697346
        ]
      },
      "id": "node/4149415299"
    },
    {
      "type": "Feature",
      "properties": {
        "@id": "node/4152468605",
        "addr:city": "Banten, West Java",
        "addr:housenumber": "Nomor 1",
        "addr:postcode": "15310",
        "addr:street": "Jalan Serpong Raya",
        "air_conditioning": "no",
        "alt_name": "Stasiun Serpong",
        "ele": "46",
        "name": "Serpong",
        "network": "KAI Commuter",
        "network:wikidata": "Q12501611",
        "operator": "PT Kereta Api Indonesia",
        "public_transport": "station",
        "railway": "station",
        "railway:ref": "SRP",
        "train": "yes",
        "wheelchair": "no",
        "wikidata": "Q12516340",
        "wikipedia": "id:Stasiun Serpong"
      },
      "geometry": {
        "type": "Point",
        "coordinates": [
          106.6655836,
          -6.3201527
        ]
      },
      "id": "node/4152468605"
    },
    {
      "type": "Feature",
      "properties": {
        "@id": "node/4192774537",
        "addr:city": "Surabaya",
        "addr:district": "Bubutan",
        "addr:housenumber": "1",
        "addr:postcode": "60172",
        "addr:province": "Jawa Timur",
        "addr:street": "Jalan Semarang",
        "addr:subdistrict": "Gundih",
        "name": "Surabaya Pasarturi",
        "network": "KAI",
        "network:wikidata": "Q2745027",
        "operator": "PT Kereta Api Indonesia (Persero)",
        "public_transport": "station",
        "railway": "station",
        "railway:ref": "SBI",
        "source": "HOT_InAWARESurvey_2016",
        "train": "yes",
        "wikidata": "Q4200756",
        "wikipedia": "id:Stasiun Surabaya Pasarturi"
      },
      "geometry": {
        "type": "Point",
        "coordinates": [
          112.7309643,
          -7.2481011
        ]
      },
      "id": "node/4192774537"
    },
    {
      "type": "Feature",
      "properties": {
        "@id": "node/4271141287",
        "addr:city": "Kota Malang",
        "addr:district": "Klojen",
        "addr:province": "Jawa Timur",
        "addr:street": "Jalan Trunojoyo",
        "addr:subdistrict": "Kiduldalem",
        "ele": "444",
        "name": "Malang",
        "network": "KAI",
        "network:wikidata": "Q2745027",
        "operator": "PT Kereta Api Indonesia (Persero)",
        "public_transport": "station",
        "railway": "station",
        "railway:ref": "ML",
        "train": "yes",
        "wikidata": "Q2009566",
        "wikipedia": "en:Malang railway station"
      },
      "geometry": {
        "type": "Point",
        "coordinates": [
          112.6374042,
          -7.9777838
        ]
      },
      "id": "node/4271141287"
    },
    {
      "type": "Feature",
      "properties": {
        "@id": "node/4789333556",
        "addr:full": "Jalan Raci",
        "ele": "3",
        "name": "Benowo",
        "network": "KAI Commuter",
        "network:wikidata": "Q12501611",
        "operator": "Kereta Api Indonesia",
        "public_transport": "station",
        "railway": "station",
        "railway:ref": "BNW",
        "train": "yes",
        "wikidata": "Q12516226",
        "wikipedia": "en:Benowo railway station"
      },
      "geometry": {
        "type": "Point",
        "coordinates": [
          112.6152676,
          -7.2339099
        ]
      },
      "id": "node/4789333556"
    },
    {
      "type": "Feature",
      "properties": {
        "@id": "node/4789333557",
        "addr:city": "Surabaya",
        "addr:housenumber": "9",
        "addr:postcode": "60161",
        "addr:street": "Jalan Semut Baru",
        "ele": "4",
        "name": "Surabaya Kota",
        "name:id": "Surabaya Kota",
        "name:zh": "泗水市",
        "name:zh-Hans": "泗水市",
        "name:zh-Hant": "泗水市",
        "network": "KAI",
        "network:wikidata": "Q2745027",
        "operator": "PT Kereta Api Indonesia",
        "public_transport": "station",
        "railway": "station",
        "railway:ref": "SB",
        "source": "HOT_InAWARESurvey_2016",
        "train": "yes",
        "wikidata": "Q2365727",
        "wikipedia": "id:Stasiun Surabaya Kota"
      },
      "geometry": {
        "type": "Point",
        "coordinates": [
          112.7421627,
          -7.2430228
        ]
      },
      "id": "node/4789333557"
    },
    {
      "type": "Feature",
      "properties": {
        "@id": "node/4794235110",
        "addr:city": "Surabaya",
        "name": "Kandangan",
        "network": "KAI Commuter",
        "network:wikidata": "Q12501611",
        "operator": "PT Kereta Api Indonesia",
        "public_transport": "station",
        "railway": "station",
        "railway:ref": "KDA",
        "source": "HOT_InAWARESurvey_2016",
        "train": "yes",
        "wikidata": "Q1910850",
        "wikipedia": "id:Stasiun Kandangan"
      },
      "geometry": {
        "type": "Point",
        "coordinates": [
          112.658348,
          -7.251077
        ]
      },
      "id": "node/4794235110"
    },
    {
      "type": "Feature",
      "properties": {
        "@id": "node/4794248781",
        "addr:city": "Surabaya",
        "name": "Kalimas",
        "network": "KAI",
        "network:wikidata": "Q2745027",
        "operator": "KAI Logistik",
        "public_transport": "station",
        "railway": "station",
        "source": "HOT_InAWARESurvey_2016",
        "train": "yes",
        "wikidata": "Q19741019"
      },
      "geometry": {
        "type": "Point",
        "coordinates": [
          112.7348088,
          -7.2198464
        ]
      },
      "id": "node/4794248781"
    },
    {
      "type": "Feature",
      "properties": {
        "@id": "node/4794254291",
        "addr:city": "Jagir, Wonokromo, Surabaya, East Java",
        "addr:full": "Jalan Jagir Wonokromo",
        "addr:housenumber": "1",
        "addr:postcode": "60244",
        "addr:street": "Jalan Stasiun Wonokromo",
        "description": "letak km 7+361 lintas surabay kota-probolinggo-kalisat-panarukan letak km 17+361 lintas kota surabaya kota-mojokerto-kertosono-madiun-solo balapan",
        "ele": "7",
        "internet_access": "wlan",
        "name": "Wonokromo",
        "network": "KAI",
        "network:wikidata": "Q2745027",
        "operator": "KAI",
        "public_transport": "station",
        "railway": "station",
        "railway:ref": "WO",
        "source": "HOT_InAWARESurvey_2016",
        "train": "yes",
        "wheelchair": "limited",
        "wikidata": "Q2415299",
        "wikipedia": "id:Stasiun Wonokromo"
      },
      "geometry": {
        "type": "Point",
        "coordinates": [
          112.7392222,
          -7.3020554
        ]
      },
      "id": "node/4794254291"
    },
    {
      "type": "Feature",
      "properties": {
        "@id": "node/4797813240",
        "addr:city": "DKI Jakarta",
        "addr:full": "Jalan Bekasi Timur Raya",
        "addr:postcode": "13110",
        "addr:street": "Jl. Bekasi Barat Raya, RT.13/RW.16, Pisangan Baru, Matraman",
        "alt_name": "Stasiun Jatinegara",
        "ele": "16",
        "name": "Jatinegara",
        "name:en": "Jatinegara",
        "name:id": "Jatinegara",
        "name:th": "จาตีเนอการา",
        "name:zh": "干冬墟",
        "name:zh-Hans": "干冬墟",
        "name:zh-Hant": "干冬墟",
        "network": "KAI",
        "network:wikidata": "Q2745027",
        "old_name": "Stasiun Meester Cornelis;Meester Cornelis",
        "operator": "PT Kereta Api Indonesia",
        "operator:website": "https://www.kai.id",
        "operator:wikidata": "Q2745027",
        "public_transport": "station",
        "railway": "station",
        "railway:ref": "JNG",
        "source": "HOT_InAWARESurvey_2017",
        "train": "yes",
        "wikidata": "Q2501476",
        "wikipedia": "id:Stasiun Jatinegara"
      },
      "geometry": {
        "type": "Point",
        "coordinates": [
          106.8703394,
          -6.2149252
        ]
      },
      "id": "node/4797813240"
    },
    {
      "type": "Feature",
      "properties": {
        "@id": "node/4798377262",
        "addr:city": "DKI Jakarta",
        "addr:full": "Jalan Srikaya I",
        "alt_name": "Stasiun Gondangdia",
        "ele": "17",
        "name": "Gondangdia",
        "name:ja": "ゴンダンディア",
        "name:th": "กนดังดียา",
        "network": "KAI Commuter",
        "network:wikidata": "Q12501611",
        "operator": "PT Kereta Api Indonesia",
        "operator:website": "https://www.kai.id",
        "operator:wikidata": "Q2745027",
        "public_transport": "station",
        "railway": "station",
        "railway:ref": "GDD",
        "source": "HOT_InAWARESurvey_2017",
        "train": "yes",
        "wikidata": "Q2120758",
        "wikipedia": "id:Stasiun Gondangdia"
      },
      "geometry": {
        "type": "Point",
        "coordinates": [
          106.8325657,
          -6.1859109
        ]
      },
      "id": "node/4798377262"
    },
    {
      "type": "Feature",
      "properties": {
        "@id": "node/4800675082",
        "addr:city": "DKI Jakarta",
        "addr:full": "Jalan Stasiun Pondok Jati",
        "alt_name": "Stasiun Pondok Jati",
        "ele": "14",
        "name": "Pondok Jati",
        "name:en": "Pondok Jati",
        "name:id": "Pondok Jati",
        "name:th": "ปนดกจาตี",
        "network": "KAI Commuter",
        "network:wikidata": "Q12501611",
        "old_name": "Halte Gang Solitude",
        "operator": "PT Kereta Api Indonesia",
        "operator:website": "https://www.kai.id",
        "operator:wikidata": "Q2745027",
        "public_transport": "station",
        "railway": "station",
        "railway:ref": "POK",
        "source": "HOT_InAWARESurvey_2017",
        "train": "yes",
        "wikidata": "Q2530793",
        "wikipedia": "id:Stasiun Pondok Jati"
      },
      "geometry": {
        "type": "Point",
        "coordinates": [
          106.8623419,
          -6.2091242
        ]
      },
      "id": "node/4800675082"
    },
    {
      "type": "Feature",
      "properties": {
        "@id": "node/4815286700",
        "addr:city": "DKI Jakarta",
        "addr:full": "Jalan Manggarai Utara I",
        "alt_name": "Stasiun Manggarai",
        "name": "Manggarai",
        "name:th": "มังกาไร",
        "network": "KAI Commuter",
        "network:wikidata": "Q12501611",
        "operator": "PT Kereta Api Indonesia",
        "operator:wikidata": "Q2745027",
        "public_transport": "station",
        "railway": "station",
        "railway:ref": "MRI",
        "source": "HOT_InAWARESurvey_2017",
        "train": "yes",
        "wheelchair": "limited",
        "wikidata": "Q2546915",
        "wikipedia": "id:Stasiun Manggarai"
      },
      "geometry": {
        "type": "Point",
        "coordinates": [
          106.849935,
          -6.2101704
        ]
      },
      "id": "node/4815286700"
    },
    {
      "type": "Feature",
      "properties": {
        "@id": "node/4817686767",
        "addr:city": "DKI Jakarta",
        "addr:full": "Jalan Pegangsaan Barat",
        "alt_name": "Stasiun Cikini",
        "ele": "20",
        "name": "Cikini",
        "name:th": "จีกีนี",
        "network": "KAI Commuter",
        "network:wikidata": "Q12501611",
        "operator": "PT Kereta Api Indonesia",
        "operator:website": "https://www.kai.id",
        "operator:wikidata": "Q2745027",
        "public_transport": "station",
        "railway": "station",
        "railway:ref": "CKI",
        "source": "HOT_InAWARESurvey_2017",
        "train": "yes",
        "wikidata": "Q2609428",
        "wikipedia": "id:Stasiun Cikini"
      },
      "geometry": {
        "type": "Point",
        "coordinates": [
          106.8412799,
          -6.1985052
        ]
      },
      "id": "node/4817686767"
    },
    {
      "type": "Feature",
      "properties": {
        "@id": "node/4836555990",
        "addr:city": "DKI Jakarta",
        "addr:full": "Jalan Jatibaru",
        "addr:street": "Jalan Jatibaru Raya",
        "alt_name": "Stasiun Tanah Abang",
        "name": "Tanah Abang",
        "name:th": "ตานะฮ์อาบัง",
        "name:zh": "丹那望",
        "name:zh-Hans": "丹那望",
        "name:zh-Hant": "丹那望",
        "network": "KAI Commuter",
        "network:wikidata": "Q12501611",
        "operator": "PT Kereta Api Indonesia",
        "public_transport": "station",
        "railway": "station",
        "railway:ref": "THB",
        "source": "HOT_InAWARESurvey_2017",
        "train": "yes",
        "wikidata": "Q2348424",
        "wikimedia_commons": "File:Lantai Dua Stasiun Tanah Abang.jpg",
        "wikipedia": "id:Stasiun Tanah Abang"
      },
      "geometry": {
        "type": "Point",
        "coordinates": [
          106.8108938,
          -6.1857127
        ]
      },
      "id": "node/4836555990"
    },
    {
      "type": "Feature",
      "properties": {
        "@id": "node/4849162195",
        "addr:city": "DKI Jakarta",
        "alt_name": "Stasiun Pasar Senen;Stasiun Jakarta Pasar Senen;Stasiun Senen;Jakarta Pasar Senen;Senen",
        "ele": "4.7",
        "name": "Pasar Senen",
        "name:en": "Pasar Senen",
        "name:id": "Pasar Senen",
        "name:th": "ปาซาร์เซอเน็น",
        "name:zh-Hant": "老巴剎",
        "network": "KAI",
        "network:wikidata": "Q2745027",
        "operator": "PT Kereta Api Indonesia",
        "operator:website": "https://www.kai.id",
        "operator:wikidata": "Q2745027",
        "public_transport": "station",
        "railway": "station",
        "railway:ref": "PSE",
        "source": "HOT_InAWARESurvey_2017",
        "train": "yes",
        "wikidata": "Q587293",
        "wikipedia": "id:Stasiun Pasar Senen"
      },
      "geometry": {
        "type": "Point",
        "coordinates": [
          106.8445744,
          -6.1744233
        ]
      },
      "id": "node/4849162195"
    },
    {
      "type": "Feature",
      "properties": {
        "@id": "node/4877432803",
        "addr:city": "DKI Jakarta",
        "addr:full": "Jalan Tentara Pelajar",
        "alt_name": "Stasiun Palmerah",
        "name": "Palmerah",
        "name:zh-Hant": "紅牌",
        "network": "KAI Commuter",
        "network:wikidata": "Q12501611",
        "operator": "PT Kereta Api Indonesia",
        "public_transport": "station",
        "railway": "station",
        "railway:ref": "PLM",
        "source": "HOT_InAWARESurvey_2017",
        "train": "yes",
        "wikidata": "Q12516311",
        "wikipedia": "id:Stasiun Palmerah"
      },
      "geometry": {
        "type": "Point",
        "coordinates": [
          106.7972321,
          -6.2079197
        ]
      },
      "id": "node/4877432803"
    },
    {
      "type": "Feature",
      "properties": {
        "@id": "node/4881688223",
        "addr:city": "DKI Jakarta",
        "addr:country": "ID",
        "addr:full": "Jalan Raya Rawajati Timur RT.8/RW.2",
        "addr:postcode": "12510",
        "ele": "37",
        "name": "Pasar Minggu Baru",
        "name:th": "ปาซาร์มิงกูบารู",
        "network": "KAI Commuter",
        "network:wikidata": "Q12501611",
        "operator": "PT Kereta Api Indonesia",
        "operator:website": "https://www.kai.id",
        "operator:wikidata": "Q2745027",
        "platforms": "2",
        "public_transport": "station",
        "railway": "station",
        "railway:ref": "PSMB",
        "source": "HOT_InAWARESurvey_2017",
        "train": "yes",
        "wikidata": "Q12516315",
        "wikipedia": "id:Stasiun Pasar Minggu Baru"
      },
      "geometry": {
        "type": "Point",
        "coordinates": [
          106.8517957,
          -6.262798
        ]
      },
      "id": "node/4881688223"
    },
    {
      "type": "Feature",
      "properties": {
        "@id": "node/4883105492",
        "addr:city": "DKI Jakarta",
        "addr:full": "Jalan Ir H Juanda I",
        "alt_name": "Stasiun Juanda",
        "ele": "15",
        "name": "Juanda",
        "name:ja": "ジュアンダ",
        "name:th": "จูวันดา",
        "network": "KAI Commuter",
        "network:wikidata": "Q12501611",
        "operator": "PT Kereta Api Indonesia",
        "operator:website": "https://www.kai.id",
        "operator:wikidata": "Q2745027",
        "public_transport": "station",
        "railway": "station",
        "railway:ref": "JUA",
        "source": "HOT_InAWARESurvey_2017",
        "train": "yes",
        "wikidata": "Q2296734",
        "wikipedia": "id:Stasiun Juanda"
      },
      "geometry": {
        "type": "Point",
        "coordinates": [
          106.8304609,
          -6.1666746
        ]
      },
      "id": "node/4883105492"
    },
    {
      "type": "Feature",
      "properties": {
        "@id": "node/4891132084",
        "addr:city": "DKI Jakarta",
        "addr:full": "Jalan Merdeka Timur",
        "alt_name": "Stasiun Gambir",
        "ele": "16",
        "name": "Gambir",
        "name:ja": "ガンビール",
        "name:th": "กัมบีร์",
        "name:zh-Hant": "甘密埔",
        "network": "KAI",
        "network:wikidata": "Q2745027",
        "operator": "PT Kereta Api Indonesia",
        "operator:website": "https://www.kai.id",
        "operator:wikidata": "Q2745027",
        "public_transport": "station",
        "railway": "station",
        "railway:ref": "GMR",
        "source": "HOT_InAWARESurvey_2017",
        "train": "yes",
        "wikidata": "Q1889128",
        "wikipedia": "id:Stasiun Gambir"
      },
      "geometry": {
        "type": "Point",
        "coordinates": [
          106.8306473,
          -6.1766553
        ]
      },
      "id": "node/4891132084"
    },
    {
      "type": "Feature",
      "properties": {
        "@id": "node/4899822033",
        "addr:city": "DKI Jakarta",
        "addr:full": "Jalan Garuda Raya",
        "addr:postcode": "10620",
        "addr:street": "Jalan Garuda, Kemayoran",
        "alt_name": "Stasiun Kemayoran",
        "ele": "4",
        "name": "Kemayoran",
        "name:en": "Kemayoran",
        "name:id": "Kemayoran",
        "name:th": "เกอมาโยรัน",
        "network": "KAI Commuter",
        "network:wikidata": "Q12501611",
        "operator": "PT Kereta Api Indonesia",
        "operator:website": "https://www.kai.id",
        "operator:wikidata": "Q2745027",
        "public_transport": "station",
        "railway": "station",
        "railway:ref": "KMO",
        "source": "HOT_InAWARESurvey_2017",
        "train": "yes",
        "wikidata": "Q2403054",
        "wikipedia": "id:Stasiun Kemayoran"
      },
      "geometry": {
        "type": "Point",
        "coordinates": [
          106.8414012,
          -6.1617033
        ]
      },
      "id": "node/4899822033"
    },
    {
      "type": "Feature",
      "properties": {
        "@id": "node/4900932061",
        "addr:city": "DKI Jakarta",
        "addr:full": "Jalan Bekasi Timur",
        "alt_name": "Stasiun Klender",
        "ele": "10",
        "name": "Klender",
        "name:en": "Klender",
        "name:id": "Klender",
        "network": "KAI Commuter",
        "network:wikidata": "Q12501611",
        "operator": "PT Kereta Api Indonesia",
        "operator:website": "https://www.kai.id",
        "operator:wikidata": "Q2745027",
        "public_transport": "station",
        "railway": "station",
        "railway:ref": "KLD",
        "source": "HOT_InAWARESurvey_2017",
        "train": "yes",
        "wikidata": "Q2678851",
        "wikipedia": "id:Stasiun Klender"
      },
      "geometry": {
        "type": "Point",
        "coordinates": [
          106.8994133,
          -6.2133188
        ]
      },
      "id": "node/4900932061"
    },
    {
      "type": "Feature",
      "properties": {
        "@id": "node/4901690569",
        "addr:city": "DKI Jakarta",
        "addr:full": "Jalan Penggilingan",
        "alt_name": "Stasiun Klender Baru;Stasiun Pondok Kopi;Pondok Kopi",
        "ele": "11",
        "name": "Klender Baru",
        "name:en": "Klender Baru",
        "name:id": "Klender Baru",
        "network": "KAI Commuter",
        "network:wikidata": "Q12501611",
        "operator": "PT Kereta Api Indonesia",
        "operator:website": "https://www.kai.id",
        "operator:wikidata": "Q2745027",
        "public_transport": "station",
        "railway": "station",
        "railway:ref": "KLDB",
        "source": "HOT_InAWARESurvey_2017",
        "train": "yes",
        "wikidata": "Q2786964",
        "wikipedia": "id:Stasiun Klender Baru"
      },
      "geometry": {
        "type": "Point",
        "coordinates": [
          106.9401833,
          -6.2176591
        ]
      },
      "id": "node/4901690569"
    },
    {
      "type": "Feature",
      "properties": {
        "@id": "node/4905517383",
        "addr:city": "DKI Jakarta",
        "addr:full": "Jalan Semanan Raya",
        "addr:postcode": "11810",
        "alt_name": "Stasiun Kalideres",
        "name": "Kalideres",
        "name:th": "กาลีเดอเริซ",
        "network": "KAI Commuter",
        "network:wikidata": "Q12501611",
        "operator": "PT Kereta Api Indonesia",
        "public_transport": "station",
        "railway": "station",
        "railway:ref": "KDS",
        "source": "HOT_InAWARESurvey_2017",
        "train": "yes",
        "wikidata": "Q19748473",
        "wikipedia": "id:Stasiun Kalideres"
      },
      "geometry": {
        "type": "Point",
        "coordinates": [
          106.7037283,
          -6.1659662
        ]
      },
      "id": "node/4905517383"
    },
    {
      "type": "Feature",
      "properties": {
        "@id": "node/4908440160",
        "addr:city": "Central Jakarta",
        "addr:street": "Jalan Talang Betutu",
        "alt_name": "Sudirman Baru",
        "description": "Stasiun untuk KA Bandara dan KRL",
        "internet_access": "yes",
        "name": "BNI City",
        "network": "KAI Commuter",
        "network:wikidata": "Q12501611",
        "operator": "PT Kereta Api Indonesia",
        "public_transport": "station",
        "railway": "station",
        "railway:ref": "SUDB",
        "train": "yes",
        "wikidata": "Q28725676",
        "wikipedia": "id:Stasiun BNI City"
      },
      "geometry": {
        "type": "Point",
        "coordinates": [
          106.8197174,
          -6.2015938
        ]
      },
      "id": "node/4908440160"
    },
    {
      "type": "Feature",
      "properties": {
        "@id": "node/4910182667",
        "addr:city": "DKI Jakarta",
        "addr:country": "ID",
        "addr:full": "Jalan Lenteng Agung",
        "alt_name": "Stasiun Universitas Pancasila",
        "ele": "57",
        "name": "Universitas Pancasila",
        "name:th": "มหาวิทยาลัยปันจาซีลา",
        "network": "KAI Commuter",
        "network:wikidata": "Q12501611",
        "operator": "PT Kereta Api Indonesia",
        "operator:website": "https://www.kai.id",
        "operator:wikidata": "Q2745027",
        "public_transport": "station",
        "railway": "station",
        "railway:ref": "UP",
        "source": "HOT_InAWARESurvey_2017",
        "train": "yes",
        "wikidata": "Q12516361",
        "wikipedia": "id:Stasiun Universitas Pancasila"
      },
      "geometry": {
        "type": "Point",
        "coordinates": [
          106.834263,
          -6.3393452
        ]
      },
      "id": "node/4910182667"
    },
    {
      "type": "Feature",
      "properties": {
        "@id": "node/4921653106",
        "addr:city": "DKI Jakarta",
        "addr:postcode": "10450",
        "addr:street": "Jalan Kramat Pulo Dalam Buntu, Kramat, Senen",
        "alt_name": "Stasiun Gang Sentiong;Stasiun Sentiong;Sentiong",
        "ele": "7",
        "name": "Gang Sentiong",
        "name:en": "Gang Sentiong",
        "name:id": "Gang Sentiong",
        "name:th": "กังเซินตียง",
        "network": "KAI Commuter",
        "network:wikidata": "Q12501611",
        "operator": "PT Kereta Api Indonesia",
        "operator:website": "https://www.kai.id",
        "operator:wikidata": "Q2745027",
        "public_transport": "station",
        "railway": "station",
        "railway:ref": "GST",
        "source": "HOT_InAWARESurvey_2017",
        "start_date": "1869",
        "train": "yes",
        "wikidata": "Q3066462",
        "wikipedia": "id:Stasiun Gang Sentiong"
      },
      "geometry": {
        "type": "Point",
        "coordinates": [
          106.8508709,
          -6.1861531
        ]
      },
      "id": "node/4921653106"
    },
    {
      "type": "Feature",
      "properties": {
        "@id": "node/4923408354",
        "addr:city": "DKI Jakarta",
        "addr:full": "Jalan Krekot Jaya I",
        "alt_name": "Stasiun Sawah Besar",
        "ele": "15",
        "name": "Sawah Besar",
        "name:ja": "サワブサール",
        "name:th": "ซาวะฮ์เบอซาร์",
        "name:zh": "新巴剎",
        "name:zh-Hans": "新巴剎",
        "name:zh-Hant": "新巴剎",
        "network": "KAI Commuter",
        "network:wikidata": "Q12501611",
        "operator": "PT Kereta Api Indonesia",
        "operator:website": "https://www.kai.id",
        "operator:wikidata": "Q2745027",
        "public_transport": "station",
        "railway": "station",
        "railway:ref": "SW",
        "source": "HOT_InAWARESurvey_2017",
        "train": "yes",
        "wikidata": "Q1708991",
        "wikipedia": "id:Stasiun Sawah Besar"
      },
      "geometry": {
        "type": "Point",
        "coordinates": [
          106.8276549,
          -6.1606672
        ]
      },
      "id": "node/4923408354"
    },
    {
      "type": "Feature",
      "properties": {
        "@id": "node/4925555833",
        "access:roof": "no",
        "addr:city": "DKI Jakarta",
        "addr:full": "Jalan Kendal",
        "addr:postcode": "10310",
        "name": "Sudirman",
        "name:th": "ซูดีร์มัน",
        "network": "KAI Commuter",
        "network:wikidata": "Q12501611",
        "operator": "PT Kereta Api Indonesia",
        "public_transport": "station",
        "railway": "station",
        "railway:ref": "SUD",
        "source": "HOT_InAWARESurvey_2017",
        "train": "yes",
        "wikidata": "Q2502744",
        "wikipedia": "id:Stasiun Sudirman"
      },
      "geometry": {
        "type": "Point",
        "coordinates": [
          106.8234493,
          -6.2024081
        ]
      },
      "id": "node/4925555833"
    },
    {
      "type": "Feature",
      "properties": {
        "@id": "node/4928014343",
        "addr:city": "DKI Jakarta",
        "addr:country": "ID",
        "addr:full": "Jalan Lenteng Agung Raya",
        "alt_name": "Stasiun Tanjung Barat",
        "ele": "44",
        "name": "Tanjung Barat",
        "name:th": "ตันจุงบารัต",
        "network": "KAI Commuter",
        "network:wikidata": "Q12501611",
        "operator": "PT Kereta Api Indonesia",
        "operator:website": "https://www.kai.id",
        "operator:wikidata": "Q2745027",
        "public_transport": "station",
        "railway": "station",
        "railway:ref": "TNT",
        "source": "HOT_InAWARESurvey_2017",
        "train": "yes",
        "wikidata": "Q2297298",
        "wikipedia": "id:Stasiun Tanjung Barat"
      },
      "geometry": {
        "type": "Point",
        "coordinates": [
          106.8389492,
          -6.3080407
        ]
      },
      "id": "node/4928014343"
    },
    {
      "type": "Feature",
      "properties": {
        "@id": "node/4961436159",
        "addr:city": "DKI Jakarta",
        "addr:full": "Jalan Angke",
        "alt_name": "Stasiun Angke",
        "name": "Angke",
        "name:th": "อังเก",
        "name:zh": "紅溪",
        "name:zh-Hans": "红溪",
        "name:zh-Hant": "紅溪",
        "network": "KAI Commuter",
        "network:wikidata": "Q12501611",
        "operator": "PT Kereta Api Indonesia",
        "operator:website": "https://www.kai.id",
        "operator:wikidata": "Q2745027",
        "public_transport": "station",
        "railway": "station",
        "railway:ref": "AK",
        "source": "HOT_InAWARESurvey_2017",
        "train": "yes",
        "wikidata": "Q2111725",
        "wikipedia": "id:Stasiun Angke"
      },
      "geometry": {
        "type": "Point",
        "coordinates": [
          106.8007792,
          -6.1447372
        ]
      },
      "id": "node/4961436159"
    },
    {
      "type": "Feature",
      "properties": {
        "@id": "node/4963127710",
        "addr:city": "DKI Jakarta",
        "addr:full": "Jalan Industri 1, RT.5/RW.2, Gunung Sahari Utara, Sawah Besar",
        "addr:postcode": "10720",
        "alt_name": "Stasiun Rajawali",
        "ele": "5",
        "name": "Rajawali",
        "name:en": "Rajawali",
        "name:id": "Rajawali",
        "name:th": "ราจาวาลี",
        "network": "KAI Commuter",
        "network:wikidata": "Q12501611",
        "operator": "PT Kereta Api Indonesia",
        "operator:website": "https://www.kai.id",
        "operator:wikidata": "Q2745027",
        "public_transport": "station",
        "railway": "station",
        "railway:ref": "RJW",
        "source": "HOT_InAWARESurvey_2017",
        "train": "yes",
        "wikidata": "Q1967015",
        "wikipedia": "id:Stasiun Rajawali"
      },
      "geometry": {
        "type": "Point",
        "coordinates": [
          106.8368325,
          -6.1450996
        ]
      },
      "id": "node/4963127710"
    },
    {
      "type": "Feature",
      "properties": {
        "@id": "node/4963295116",
        "addr:city": "DKI Jakarta",
        "addr:postcode": "11260",
        "addr:street": "Jalan Kali Anyer",
        "name": "Duri",
        "name:th": "ดูรี",
        "network": "KAI Commuter",
        "network:wikidata": "Q12501611",
        "operator": "PT Kereta Api Indonesia",
        "operator:website": "https://www.kai.id",
        "operator:wikidata": "Q2745027",
        "public_transport": "station",
        "railway": "station",
        "railway:ref": "DU",
        "source": "HOT_InAWARESurvey_2017",
        "train": "yes",
        "wikidata": "Q12516253",
        "wikipedia": "id:Stasiun Duri"
      },
      "geometry": {
        "type": "Point",
        "coordinates": [
          106.8012968,
          -6.1552764
        ]
      },
      "id": "node/4963295116"
    },
    {
      "type": "Feature",
      "properties": {
        "@id": "node/4976561246",
        "addr:city": "DKI Jakarta",
        "addr:full": "Jalan Karang Anyar RT 013/RW 01",
        "addr:postcode": "10740",
        "alt_name": "Stasiun Mangga Besar",
        "ele": "14",
        "name": "Mangga Besar",
        "name:ja": "マンガブサール駅",
        "name:th": "มังกาเบอซาร์",
        "network": "KAI Commuter",
        "network:wikidata": "Q12501611",
        "operator": "PT Kereta Api Indonesia",
        "operator:website": "https://www.kai.id",
        "operator:wikidata": "Q2745027",
        "public_transport": "station",
        "railway": "station",
        "railway:ref": "MGB",
        "source": "HOT_InAWARESurvey_2017",
        "train": "yes",
        "wheelchair": "limited",
        "wikidata": "Q1444945",
        "wikipedia": "id:Stasiun Mangga Besar"
      },
      "geometry": {
        "type": "Point",
        "coordinates": [
          106.8269826,
          -6.1498037
        ]
      },
      "id": "node/4976561246"
    },
    {
      "type": "Feature",
      "properties": {
        "@id": "node/4976676188",
        "addr:city": "DKI Jakarta",
        "addr:country": "ID",
        "addr:full": "Jalan Raya Pasar Minggu",
        "alt_name": "Stasiun Pasar Minggu",
        "ele": "36",
        "name": "Pasar Minggu",
        "name:th": "ปาซาร์มิงกู",
        "network": "KAI Commuter",
        "network:wikidata": "Q12501611",
        "operator": "PT Kereta Api Indonesia",
        "operator:website": "https://www.kai.id",
        "operator:wikidata": "Q2745027",
        "public_transport": "station",
        "railway": "station",
        "railway:ref": "PSM",
        "source": "HOT_InAWARESurvey_2017",
        "train": "yes",
        "wikidata": "Q2085845",
        "wikipedia": "id:Stasiun Pasar Minggu"
      },
      "geometry": {
        "type": "Point",
        "coordinates": [
          106.8448558,
          -6.2833322
        ]
      },
      "id": "node/4976676188"
    },
    {
      "type": "Feature",
      "properties": {
        "@id": "node/4981870932",
        "addr:city": "DKI Jakarta",
        "alt_name": "Stasiun Jayakarta",
        "ele": "13",
        "name": "Jayakarta",
        "name:ja": "ジャヤカルタ",
        "name:th": "จายาการ์ตา",
        "network": "KAI Commuter",
        "network:wikidata": "Q12501611",
        "operator": "PT Kereta Api Indonesia",
        "operator:website": "https://www.kai.id",
        "operator:wikidata": "Q2745027",
        "public_transport": "station",
        "railway": "station",
        "railway:ref": "JAY",
        "source": "HOT_InAWARESurvey_2017",
        "train": "yes",
        "wikidata": "Q1659026",
        "wikipedia": "id:Stasiun Jayakarta"
      },
      "geometry": {
        "type": "Point",
        "coordinates": [
          106.8231322,
          -6.1412999
        ]
      },
      "id": "node/4981870932"
    },
    {
      "type": "Feature",
      "properties": {
        "@id": "node/4985946436",
        "name": "Benteng",
        "network": "KAI",
        "network:wikidata": "Q2745027",
        "operator": "PT Kereta Api Indonesia",
        "public_transport": "station",
        "railway": "station",
        "railway:ref": "SBE",
        "start_date": "1901",
        "train": "yes",
        "wikidata": "Q19740857",
        "wikipedia": "id:Stasiun Benteng"
      },
      "geometry": {
        "type": "Point",
        "coordinates": [
          112.7438537,
          -7.2212848
        ]
      },
      "id": "node/4985946436"
    },
    {
      "type": "Feature",
      "properties": {
        "@id": "node/5019465652",
        "addr:city": "DKI Jakarta",
        "addr:country": "ID",
        "addr:full": "Jalan Raya Lenteng Agung",
        "alt_name": "Stasiun Lenteng Agung",
        "ele": "57",
        "name": "Lenteng Agung",
        "name:th": "เล็นเต็งอากุง",
        "network": "KAI Commuter",
        "network:wikidata": "Q12501611",
        "operator": "PT Kereta Api Indonesia",
        "operator:website": "https://www.kai.id",
        "operator:wikidata": "Q2745027",
        "public_transport": "station",
        "railway": "station",
        "railway:ref": "LNA",
        "source": "HOT_InAWARESurvey_2017",
        "train": "yes",
        "wikidata": "Q2365018",
        "wikipedia": "id:Stasiun Lenteng Agung"
      },
      "geometry": {
        "type": "Point",
        "coordinates": [
          106.8346791,
          -6.3303079
        ]
      },
      "id": "node/5019465652"
    },
    {
      "type": "Feature",
      "properties": {
        "@id": "node/5023480157",
        "addr:city": "DKI Jakarta",
        "addr:full": "Jalan Enggano",
        "alt_name": "Stasiun Tanjung Priuk",
        "ele": "4",
        "name": "Tanjung Priuk",
        "name:th": "ตันจุงปรียก",
        "name:zh": "丹戎不碌",
        "network": "KAI Commuter",
        "network:wikidata": "Q12501611",
        "operator": "PT Kereta Api Indonesia",
        "operator:website": "https://www.kai.id",
        "operator:wikidata": "Q2745027",
        "public_transport": "station",
        "railway": "station",
        "railway:ref": "TPK",
        "source": "HOT_InAWARESurvey_2017",
        "train": "yes",
        "wikidata": "Q2216143",
        "wikipedia": "id:Stasiun Tanjung Priuk"
      },
      "geometry": {
        "type": "Point",
        "coordinates": [
          106.8814984,
          -6.1106914
        ]
      },
      "id": "node/5023480157"
    },
    {
      "type": "Feature",
      "properties": {
        "@id": "node/5033751697",
        "addr:city": "DKI Jakarta",
        "addr:full": "Jalan Duri Kosambi Raya",
        "alt_name": "Stasiun Rawa Buaya",
        "name": "Rawa Buaya",
        "name:th": "ราวาบูวายา",
        "network": "KAI Commuter",
        "network:wikidata": "Q12501611",
        "operator": "PT Kereta Api Indonesia",
        "public_transport": "station",
        "railway": "station",
        "railway:ref": "RW",
        "source": "HOT_InAWARESurvey_2017",
        "train": "yes",
        "wikidata": "Q12516333",
        "wikipedia": "id:Stasiun Rawa Buaya"
      },
      "geometry": {
        "type": "Point",
        "coordinates": [
          106.7227543,
          -6.1627437
        ]
      },
      "id": "node/5033751697"
    },
    {
      "type": "Feature",
      "properties": {
        "@id": "node/5036305391",
        "addr:city": "DKI Jakarta",
        "addr:full": "Jalan Lada",
        "alt_name": "Stasiun Jakarta Kota",
        "ele": "4",
        "name": "Jakarta Kota",
        "name:ja": "ジャヤカルタ・コタ",
        "name:th": "จาการ์ตาโกตา",
        "network": "KAI",
        "network:wikidata": "Q2745027",
        "operator": "PT Kereta Api Indonesia",
        "operator:website": "https://www.kai.id",
        "operator:wikidata": "Q2745027",
        "public_transport": "station",
        "railway": "station",
        "railway:ref": "JAKK",
        "source": "HOT_InAWARESurvey_2017",
        "train": "yes",
        "wheelchair": "yes",
        "wikidata": "Q1975437",
        "wikipedia": "id:Stasiun Jakarta Kota"
      },
      "geometry": {
        "type": "Point",
        "coordinates": [
          106.8146203,
          -6.1375828
        ]
      },
      "id": "node/5036305391"
    },
    {
      "type": "Feature",
      "properties": {
        "@id": "node/5047494890",
        "addr:city": "DKI Jakarta",
        "addr:full": "Jalan Prof Dr Latumenten",
        "alt_name": "Stasiun Grogol",
        "name": "Grogol",
        "name:th": "โกรกล",
        "network": "KAI Commuter",
        "network:wikidata": "Q12501611",
        "operator": "PT Kereta Api Indonesia",
        "public_transport": "station",
        "railway": "station",
        "railway:ref": "GRG",
        "source": "HOT_InAWARESurvey_2017",
        "train": "yes",
        "wikidata": "Q27963601",
        "wikipedia": "id:Stasiun Grogol",
        "wikipedia:en": "Grogol railway station"
      },
      "geometry": {
        "type": "Point",
        "coordinates": [
          106.7896101,
          -6.162035
        ]
      },
      "id": "node/5047494890"
    },
    {
      "type": "Feature",
      "properties": {
        "@id": "node/5070781613",
        "addr:city": "DKI Jakarta",
        "alt_name": "Stasiun Kebayoran",
        "name": "Kebayoran",
        "name:zh": "哇由蘭",
        "name:zh-Hans": "哇由兰",
        "name:zh-Hant": "哇由蘭",
        "network": "KAI Commuter",
        "network:wikidata": "Q12501611",
        "operator": "PT Kereta Api Indonesia",
        "public_transport": "station",
        "railway": "station",
        "railway:ref": "KBY",
        "source": "HOT_InAWARESurvey_2017",
        "train": "yes",
        "wikidata": "Q28163944",
        "wikipedia": "id:Stasiun Kebayoran"
      },
      "geometry": {
        "type": "Point",
        "coordinates": [
          106.7825345,
          -6.23723
        ]
      },
      "id": "node/5070781613"
    },
    {
      "type": "Feature",
      "properties": {
        "@id": "node/5070875099",
        "addr:city": "DKI Jakarta",
        "addr:full": "Jalan Raya Taman Kota",
        "alt_name": "Stasiun Taman Kota",
        "name": "Taman Kota",
        "name:th": "ตามันโกตา",
        "network": "KAI Commuter",
        "network:wikidata": "Q12501611",
        "operator": "PT Kereta Api Indonesia",
        "public_transport": "station",
        "railway": "station",
        "railway:ref": "TKO",
        "source": "HOT_InAWARESurvey_2017",
        "train": "yes",
        "wikidata": "Q19741281",
        "wikipedia": "id:Stasiun Taman Kota"
      },
      "geometry": {
        "type": "Point",
        "coordinates": [
          106.7565728,
          -6.158627
        ]
      },
      "id": "node/5070875099"
    },
    {
      "type": "Feature",
      "properties": {
        "@id": "node/5124126895",
        "addr:city": "DKI Jakarta",
        "addr:street": "Laksamana RE Martadinata",
        "alt_name": "Stasiun Ancol",
        "alt_name:zh": "安卒",
        "name": "Ancol",
        "name:th": "อันจล",
        "name:zh": "安恤",
        "network": "KAI Commuter",
        "network:wikidata": "Q12501611",
        "operator": "PT Kereta Api Indonesia",
        "operator:website": "https://www.kai.id",
        "operator:wikidata": "Q2745027",
        "public_transport": "station",
        "railway": "station",
        "railway:ref": "AC",
        "source": "HOT_InAWARESurvey_2017",
        "train": "yes",
        "wikidata": "Q2319542",
        "wikipedia": "id:Stasiun Ancol"
      },
      "geometry": {
        "type": "Point",
        "coordinates": [
          106.8451374,
          -6.128115
        ]
      },
      "id": "node/5124126895"
    },
    {
      "type": "Feature",
      "properties": {
        "@id": "node/5136968956",
        "addr:city": "Jakarta Utara",
        "addr:district": "Pademangan",
        "addr:province": "DKI Jakarta",
        "addr:street": "Jalan Kampung Bandan",
        "addr:subdistrict": "Ancol",
        "alt_name": "Stasiun Jakarta Gudang",
        "ele": "4",
        "name": "Jakarta Gudang",
        "network": "KAI",
        "network:wikidata": "Q2745027",
        "note": "Terminal Angkutan Barang - Departemen Perhubungan",
        "operator": "PT Kereta Api Indonesia",
        "operator:website": "https://www.kai.id",
        "operator:wikidata": "Q2745027",
        "public_transport": "station",
        "railway": "station",
        "railway:ref": "JAKG",
        "source": "HOT_InAWARESurvey_2017",
        "train": "yes",
        "wikidata": "Q19752855",
        "wikipedia": "id:Stasiun Jakarta Gudang"
      },
      "geometry": {
        "type": "Point",
        "coordinates": [
          106.819373,
          -6.133327
        ]
      },
      "id": "node/5136968956"
    },
    {
      "type": "Feature",
      "properties": {
        "@id": "node/5155429394",
        "alt_name": "Stasiun Bekasi Timur;Stasiun Ampera;Stasiun Bulak Kapal;Ampera;Bulak Kapal",
        "ele": "19",
        "name": "Bekasi Timur",
        "name:en": "Bekasi Timur",
        "name:id": "Bekasi Timur",
        "network": "KAI Commuter",
        "network:wikidata": "Q12501611",
        "operator": "PT Kereta Api Indonesia",
        "operator:website": "https://www.kai.id",
        "operator:wikidata": "Q2745027",
        "public_transport": "station",
        "railway": "station",
        "railway:ref": "BKST",
        "train": "yes",
        "wikidata": "Q25464696",
        "wikipedia": "en:Bekasi Timur railway station"
      },
      "geometry": {
        "type": "Point",
        "coordinates": [
          107.0181046,
          -6.2467953
        ]
      },
      "id": "node/5155429394"
    },
    {
      "type": "Feature",
      "properties": {
        "@id": "node/5298715925",
        "alt_name": "Stasiun Karangsari",
        "ele": "651",
        "name": "Karangsari",
        "name:id": "Karangsari",
        "old_name": "Halte Gandamirah;Gandamirah",
        "operator": "PT Kereta Api Indonesia",
        "operator:website": "https://www.kai.id",
        "operator:wikidata": "Q2745027",
        "public_transport": "station",
        "railway": "station",
        "railway:ref": "KRAI",
        "train": "yes",
        "wikidata": "Q12516277",
        "wikipedia": "id:Stasiun Karangsari (Garut)"
      },
      "geometry": {
        "type": "Point",
        "coordinates": [
          107.9311557,
          -7.0982758
        ]
      },
      "id": "node/5298715925"
    },
    {
      "type": "Feature",
      "properties": {
        "@id": "node/5298718924",
        "addr:city": "Bandung",
        "addr:postcode": "40283",
        "addr:street": "Jalan Ibrahim Adjie",
        "alt_name": "Stasiun Kiaracondong;Stasiun Kircon;Kircon",
        "ele": "681",
        "name": "Kiaracondong",
        "network": "KAI",
        "network:wikidata": "Q2745027",
        "operator": "PT Kereta Api Indonesia",
        "operator:website": "https://www.kai.id",
        "operator:wikidata": "Q2745027",
        "public_transport": "station",
        "railway": "station",
        "railway:ref": "KAC",
        "train": "yes",
        "wheelchair": "limited",
        "wikidata": "Q2406887",
        "wikipedia": "id:Stasiun Kiaracondong"
      },
      "geometry": {
        "type": "Point",
        "coordinates": [
          107.6462773,
          -6.9247499
        ]
      },
      "id": "node/5298718924"
    },
    {
      "type": "Feature",
      "properties": {
        "@id": "node/5299765139",
        "addr:city": "Bandung City",
        "addr:street": "Jalan Ciroyom",
        "alt_name": "Stasiun Andir",
        "ele": "750",
        "name": "Andir",
        "network": "KAI Commuter",
        "network:wikidata": "Q12501611",
        "operator": "PT Kereta Api Indonesia",
        "operator:website": "https://www.kai.id",
        "operator:wikidata": "Q2745027",
        "public_transport": "station",
        "railway": "station",
        "railway:ref": "AND",
        "train": "yes",
        "wikidata": "Q12516214",
        "wikipedia": "id:Stasiun Andir"
      },
      "geometry": {
        "type": "Point",
        "coordinates": [
          107.5796513,
          -6.9083055
        ]
      },
      "id": "node/5299765139"
    },
    {
      "type": "Feature",
      "properties": {
        "@id": "node/5301548782",
        "addr:city": "Malang",
        "addr:street": "Jalan Stasiun Blimbing",
        "ele": "460",
        "internet_access": "no",
        "name": "Blimbing",
        "network": "KAI Commuter",
        "network:wikidata": "Q12501611",
        "operator": "PT Kereta Api Indonesia (Persero)",
        "public_transport": "station",
        "railway": "station",
        "railway:ref": "BMG",
        "train": "yes",
        "wikidata": "Q2303360",
        "wikipedia": "id:Stasiun Blimbing (Malang)"
      },
      "geometry": {
        "type": "Point",
        "coordinates": [
          112.6448626,
          -7.9399415
        ]
      },
      "id": "node/5301548782"
    },
    {
      "type": "Feature",
      "properties": {
        "@id": "node/5301563221",
        "addr:city": "Malang",
        "addr:street": "Jalan Thamrin",
        "ele": "491",
        "internet_access": "no",
        "name": "Lawang",
        "network": "KAI",
        "network:wikidata": "Q2745027",
        "operator": "Kereta Api Indonesia (Persero)",
        "public_transport": "station",
        "railway": "station",
        "railway:ref": "LW",
        "railway:station_category": "2",
        "train": "yes",
        "wikidata": "Q1907751",
        "wikipedia": "id:Stasiun Lawang"
      },
      "geometry": {
        "type": "Point",
        "coordinates": [
          112.6978281,
          -7.8366434
        ]
      },
      "id": "node/5301563221"
    },
    {
      "type": "Feature",
      "properties": {
        "@id": "node/5301563222",
        "ele": "90",
        "name": "Wonokerto",
        "network": "KAI",
        "network:wikidata": "Q2745027",
        "operator": "PT Kereta Api Indonesia (Persero)",
        "public_transport": "station",
        "railway": "station",
        "railway:ref": "WN",
        "train": "yes",
        "wikidata": "Q2484399",
        "wikipedia": "id:Stasiun Wonokerto"
      },
      "geometry": {
        "type": "Point",
        "coordinates": [
          112.7548962,
          -7.6620605
        ]
      },
      "id": "node/5301563222"
    },
    {
      "type": "Feature",
      "properties": {
        "@id": "node/5301564793",
        "name": "Sukorejo",
        "network": "KAI",
        "network:wikidata": "Q2745027",
        "operator": "PT Kereta Api Indonesia (Persero)",
        "public_transport": "station",
        "railway": "station",
        "railway:ref": "SKJ",
        "train": "yes",
        "wikidata": "Q12516344"
      },
      "geometry": {
        "type": "Point",
        "coordinates": [
          112.7235346,
          -7.7194039
        ]
      },
      "id": "node/5301564793"
    },
    {
      "type": "Feature",
      "properties": {
        "@id": "node/5301565537",
        "ele": "312",
        "name": "Sengon",
        "network": "KAI",
        "network:wikidata": "Q2745027",
        "operator": "Kereta Api Indonesia (Persero)",
        "public_transport": "station",
        "railway": "station",
        "railway:ref": "SN",
        "train": "yes",
        "wikidata": "Q2734329",
        "wikipedia": "id:Stasiun Sengon"
      },
      "geometry": {
        "type": "Point",
        "coordinates": [
          112.7245418,
          -7.755046
        ]
      },
      "id": "node/5301565537"
    },
    {
      "type": "Feature",
      "properties": {
        "@id": "node/5301567447",
        "addr:city": "Malang",
        "addr:street": "Jalan Stasiun Singosari",
        "ele": "487",
        "internet_access": "no",
        "name": "Singosari",
        "network": "KAI Commuter",
        "network:wikidata": "Q12501611",
        "operator": "PT Kereta Api Indonesia (Persero)",
        "public_transport": "station",
        "railway": "station",
        "railway:ref": "SGS",
        "train": "yes",
        "wikidata": "Q2154600",
        "wikipedia": "id:Stasiun Singosari"
      },
      "geometry": {
        "type": "Point",
        "coordinates": [
          112.66602,
          -7.8968962
        ]
      },
      "id": "node/5301567447"
    },
    {
      "type": "Feature",
      "properties": {
        "@id": "node/5310716224",
        "ele": "53",
        "name": "Cikoya",
        "network": "KAI Commuter",
        "network:wikidata": "Q12501611",
        "operator": "PT Kereta Api Indonesia",
        "public_transport": "station",
        "railway": "station",
        "railway:ref": "CKY",
        "train": "yes",
        "wikidata": "Q19740903",
        "wikipedia": "id:Stasiun Cikoya"
      },
      "geometry": {
        "type": "Point",
        "coordinates": [
          106.4116547,
          -6.3357385
        ]
      },
      "id": "node/5310716224"
    },
    {
      "type": "Feature",
      "properties": {
        "@id": "node/5311399726",
        "ele": "17",
        "name": "Catang",
        "network": "KAI Commuter",
        "network:wikidata": "Q12501611",
        "operator": "KAI Commuter",
        "public_transport": "station",
        "railway": "station",
        "railway:ref": "CT",
        "train": "yes",
        "wikidata": "Q12516231",
        "wikipedia": "id:Stasiun Catang"
      },
      "geometry": {
        "type": "Point",
        "coordinates": [
          106.2678941,
          -6.2656845
        ]
      },
      "id": "node/5311399726"
    },
    {
      "type": "Feature",
      "properties": {
        "@id": "node/5311399822",
        "ele": "18",
        "name": "Jambu Baru",
        "network": "KAI Commuter",
        "network:wikidata": "Q12501611",
        "operator": "PT Kereta Api Indonesia",
        "public_transport": "station",
        "railway": "station",
        "railway:ref": "JBU",
        "train": "yes",
        "wikidata": "Q15138781",
        "wikipedia": "id:Stasiun Jambu Baru"
      },
      "geometry": {
        "type": "Point",
        "coordinates": [
          106.2604854,
          -6.3029978
        ]
      },
      "id": "node/5311399822"
    },
    {
      "type": "Feature",
      "properties": {
        "@id": "node/5312478122",
        "alt_name": "Stasiun Metland Telagamurni;Stasiun Telagamurni;Telagamurni",
        "ele": "18",
        "name": "Metland Telagamurni",
        "name:en": "Metland Telagamurni",
        "name:id": "Metland Telagamurni",
        "network": "KAI Commuter",
        "network:wikidata": "Q12501611",
        "operator": "PT Kereta Api Indonesia",
        "operator:website": "https://www.kai.id",
        "operator:wikidata": "Q2745027",
        "public_transport": "station",
        "railway": "station",
        "railway:ref": "TLM",
        "train": "yes",
        "wikidata": "Q28725674",
        "wikipedia": "id:Stasiun Telagamurni"
      },
      "geometry": {
        "type": "Point",
        "coordinates": [
          107.111227,
          -6.2574741
        ]
      },
      "id": "node/5312478122"
    },
    {
      "type": "Feature",
      "properties": {
        "@id": "node/5333585222",
        "ele": "18",
        "name": "Gombong",
        "network": "KAI",
        "network:wikidata": "Q2745027",
        "operator": "Kereta Api Indonesia (Persero)",
        "public_transport": "station",
        "railway": "station",
        "railway:ref": "GB",
        "train": "yes",
        "wikidata": "Q2194389",
        "wikipedia": "id:Stasiun Gombong"
      },
      "geometry": {
        "type": "Point",
        "coordinates": [
          109.5066911,
          -7.6108578
        ]
      },
      "id": "node/5333585222"
    },
    {
      "type": "Feature",
      "properties": {
        "@id": "node/5333585226",
        "alt_name": "Sangkrah",
        "ele": "98",
        "name": "Solo Kota",
        "network": "KAI",
        "network:wikidata": "Q2745027",
        "public_transport": "station",
        "railway": "station",
        "railway:ref": "STA",
        "train": "yes",
        "wikidata": "Q2265667",
        "wikipedia": "id:Stasiun Solo Kota"
      },
      "geometry": {
        "type": "Point",
        "coordinates": [
          110.836338,
          -7.5755903
        ]
      },
      "id": "node/5333585226"
    },
    {
      "type": "Feature",
      "properties": {
        "@id": "node/5333585229",
        "ele": "5",
        "name": "Batang",
        "network": "KAI",
        "network:wikidata": "Q2745027",
        "public_transport": "station",
        "railway": "station",
        "railway:ref": "BTG",
        "train": "yes",
        "wikidata": "Q12516223",
        "wikipedia": "id:Stasiun Batang"
      },
      "geometry": {
        "type": "Point",
        "coordinates": [
          109.7476469,
          -6.9098111
        ]
      },
      "id": "node/5333585229"
    },
    {
      "type": "Feature",
      "properties": {
        "@id": "node/5333586634",
        "ele": "76",
        "name": "Sulur",
        "network": "KAI",
        "network:wikidata": "Q2745027",
        "operator": "Kereta Api Indonesia",
        "public_transport": "station",
        "railway": "station",
        "railway:ref": "SL",
        "train": "yes",
        "wikidata": "Q2010351",
        "wikipedia": "id:Stasiun Sulur"
      },
      "geometry": {
        "type": "Point",
        "coordinates": [
          111.2228251,
          -7.1742094
        ]
      },
      "id": "node/5333586634"
    },
    {
      "type": "Feature",
      "properties": {
        "@id": "node/5343336023",
        "ele": "15",
        "name": "Bojonegoro",
        "name:id": "Bojonegoro",
        "name:zh": "新埠頭",
        "network": "KAI",
        "network:wikidata": "Q2745027",
        "public_transport": "station",
        "railway": "station",
        "railway:ref": "BJ",
        "train": "yes",
        "wikidata": "Q4272165",
        "wikipedia": "id:Stasiun Bojonegoro"
      },
      "geometry": {
        "type": "Point",
        "coordinates": [
          111.8865812,
          -7.164395
        ]
      },
      "id": "node/5343336023"
    },
    {
      "type": "Feature",
      "properties": {
        "@id": "node/5343347326",
        "ele": "6",
        "name": "Gembong",
        "network": "KAI",
        "network:wikidata": "Q2745027",
        "public_transport": "station",
        "railway": "station",
        "railway:ref": "GEB",
        "train": "yes",
        "wikidata": "Q2100955",
        "wikipedia": "id:Stasiun Gembong"
      },
      "geometry": {
        "type": "Point",
        "coordinates": [
          112.2223071,
          -7.1023266
        ]
      },
      "id": "node/5343347326"
    },
    {
      "type": "Feature",
      "properties": {
        "@id": "node/5345152030",
        "ele": "22",
        "name": "Mojokerto",
        "name:id": "Mojokerto",
        "name:zh": "惹班",
        "network": "KAI",
        "network:wikidata": "Q2745027",
        "public_transport": "station",
        "railway": "station",
        "railway:ref": "MR",
        "train": "yes",
        "wikidata": "Q12516308",
        "wikipedia": "id:Stasiun Mojokerto"
      },
      "geometry": {
        "type": "Point",
        "coordinates": [
          112.4341099,
          -7.4725529
        ]
      },
      "id": "node/5345152030"
    },
    {
      "type": "Feature",
      "properties": {
        "@id": "node/5345257724",
        "ele": "6",
        "name": "Cerme",
        "network": "KAI Commuter",
        "network:wikidata": "Q12501611",
        "public_transport": "station",
        "railway": "station",
        "railway:ref": "CME",
        "train": "yes",
        "wikidata": "Q2150808",
        "wikipedia": "id:Stasiun Cerme"
      },
      "geometry": {
        "type": "Point",
        "coordinates": [
          112.5707953,
          -7.2242503
        ]
      },
      "id": "node/5345257724"
    },
    {
      "type": "Feature",
      "properties": {
        "@id": "node/5352194907",
        "ele": "469",
        "name": "Sempolan",
        "network": "KAI",
        "network:wikidata": "Q2745027",
        "public_transport": "station",
        "railway": "station",
        "railway:ref": "SPL",
        "train": "yes",
        "wikidata": "Q19741240",
        "wikipedia": "id:Stasiun Sempolan"
      },
      "geometry": {
        "type": "Point",
        "coordinates": [
          113.8963105,
          -8.1925803
        ]
      },
      "id": "node/5352194907"
    },
    {
      "type": "Feature",
      "properties": {
        "@id": "node/5352194908",
        "ele": "370",
        "name": "Ledokombo",
        "network": "KAI",
        "network:wikidata": "Q2745027",
        "public_transport": "station",
        "railway": "station",
        "railway:ref": "LDO",
        "train": "yes",
        "wikidata": "Q2017357",
        "wikipedia": "id:Stasiun Ledokombo"
      },
      "geometry": {
        "type": "Point",
        "coordinates": [
          113.8756389,
          -8.140671
        ]
      },
      "id": "node/5352194908"
    },
    {
      "type": "Feature",
      "properties": {
        "@id": "node/5459945761",
        "addr:city": "Banten, West Java",
        "addr:postcode": "15318",
        "addr:street": "Jl. Raya Rawabuntu Serpong",
        "alt_name": "Stasiun Rawa Buntu",
        "name": "Rawa Buntu",
        "network": "KAI Commuter",
        "network:wikidata": "Q12501611",
        "operator": "PT Kereta Api Indonesia",
        "public_transport": "station",
        "railway": "station",
        "railway:ref": "RU",
        "train": "yes",
        "wikidata": "Q19741217",
        "wikipedia": "id:Stasiun Rawa Buntu"
      },
      "geometry": {
        "type": "Point",
        "coordinates": [
          106.6761518,
          -6.314884
        ]
      },
      "id": "node/5459945761"
    },
    {
      "type": "Feature",
      "properties": {
        "@id": "node/5529652925",
        "addr:country": "ID",
        "addr:street": "Jalan Tanda Barat",
        "alt_name": "Stasiun Cirebon;Stasiun Cirebon Kejaksan;Stasiun Kejaksan;Cirebon Kejaksan;Kejaksan",
        "ele": "4",
        "name": "Cirebon",
        "network": "KAI",
        "network:wikidata": "Q2745027",
        "operator": "PT Kereta Api Indonesia",
        "operator:website": "https://www.kai.id",
        "operator:wikidata": "Q2745027",
        "public_transport": "station",
        "railway": "station",
        "railway:ref": "CN",
        "train": "yes",
        "wheelchair": "yes",
        "wikidata": "Q4272125",
        "wikipedia": "id:Stasiun Cirebon"
      },
      "geometry": {
        "type": "Point",
        "coordinates": [
          108.5553503,
          -6.7053546
        ]
      },
      "id": "node/5529652925"
    },
    {
      "type": "Feature",
      "properties": {
        "@id": "node/5541079384",
        "alt_name": "Stasiun Bojonggede",
        "ele": "140",
        "name": "Bojonggede",
        "name:th": "โบจงเกอเด",
        "network": "KAI Commuter",
        "network:wikidata": "Q12501611",
        "operator": "PT Kereta Commuter Indonesia",
        "operator:wikidata": "Q12501611",
        "public_transport": "station",
        "railway": "station",
        "ref": "BJD",
        "train": "yes",
        "wikidata": "Q4440968",
        "wikipedia": "id:Stasiun Bojonggede"
      },
      "geometry": {
        "type": "Point",
        "coordinates": [
          106.795025,
          -6.4932345
        ]
      },
      "id": "node/5541079384"
    },
    {
      "type": "Feature",
      "properties": {
        "@id": "node/5579655834",
        "addr:city": "DKI Jakarta",
        "addr:postcode": "14440",
        "addr:street": "Laksamana RE Martadinata",
        "ele": "3;5",
        "name": "Kampung Bandan",
        "name:th": "กัมปุงบันดัน",
        "network": "KAI Commuter",
        "network:wikidata": "Q12501611",
        "operator": "PT Kereta Api Indonesia",
        "operator:website": "https://www.kai.id",
        "operator:wikidata": "Q2745027",
        "public_transport": "station",
        "railway": "station",
        "railway:ref": "KPB",
        "source": "HOT_InAWARESurvey_2017",
        "train": "yes",
        "wikidata": "Q2719478",
        "wikipedia": "id:Stasiun Kampung Bandan"
      },
      "geometry": {
        "type": "Point",
        "coordinates": [
          106.8284875,
          -6.1327023
        ]
      },
      "id": "node/5579655834"
    },
    {
      "type": "Feature",
      "properties": {
        "@id": "node/5592098258",
        "addr:city": "Semarang",
        "ele": "5",
        "name": "Mangkang",
        "network": "KAI",
        "network:wikidata": "Q2745027",
        "operator": "PT Kereta Api Indonesia",
        "public_transport": "station",
        "railway": "station",
        "railway:ref": "MKG",
        "source": "HOT_InAWARESurvey_2018",
        "train": "yes",
        "wikidata": "Q2691576",
        "wikipedia": "id:Stasiun Mangkang"
      },
      "geometry": {
        "type": "Point",
        "coordinates": [
          110.3022267,
          -6.9708194
        ]
      },
      "id": "node/5592098258"
    },
    {
      "type": "Feature",
      "properties": {
        "@id": "node/5616486947",
        "addr:city": "Semarang",
        "ele": "6",
        "name": "Alastua",
        "network": "KAI",
        "network:wikidata": "Q2745027",
        "operator": "PT Kereta Api Indonesia",
        "public_transport": "station",
        "railway": "station",
        "railway:ref": "ATA",
        "source": "HOT_InAWARESurvey_2018",
        "train": "yes",
        "wikidata": "Q2387303",
        "wikipedia": "id:Stasiun Alastua"
      },
      "geometry": {
        "type": "Point",
        "coordinates": [
          110.4759402,
          -6.9844964
        ]
      },
      "id": "node/5616486947"
    },
    {
      "type": "Feature",
      "properties": {
        "@id": "node/5726702622",
        "abbr_name": "JIS",
        "name": "Jakarta International Stadium",
        "name:th": "สนามกีฬานานาชาติจาการ์ตา",
        "network": "KAI Commuter",
        "network:wikidata": "Q12501611",
        "old_name": "Sungai Tirem",
        "public_transport": "station",
        "railway": "station",
        "railway:ref": "JIS",
        "train": "yes",
        "wikidata": "Q135684142",
        "wikipedia": "id:Stasiun Jakarta International Stadium"
      },
      "geometry": {
        "type": "Point",
        "coordinates": [
          106.8613596,
          -6.1228211
        ]
      },
      "id": "node/5726702622"
    },
    {
      "type": "Feature",
      "properties": {
        "@id": "node/5851210256",
        "name": "Tegalluar Summarecon",
        "name:ja": "テガルアール",
        "name:zh": "德卡鲁瓦",
        "network": "Whoosh",
        "operator": "Kereta Cepat Indonesia China",
        "public_transport": "station",
        "railway": "station",
        "railway:ref": "TGR",
        "train": "yes",
        "wikidata": "Q111590563",
        "wikipedia": "id:Stasiun Tegalluar"
      },
      "geometry": {
        "type": "Point",
        "coordinates": [
          107.7146978,
          -6.963812
        ]
      },
      "id": "node/5851210256"
    },
    {
      "type": "Feature",
      "properties": {
        "@id": "node/5851224876",
        "line_served": "Jakarta–Bandung high speed rail",
        "name": "Karawang",
        "name:ja": "カラワン",
        "name:th": "การาวัง",
        "name:zh": "加拉璜",
        "network": "Kereta Cepat Jakarta–Bandung",
        "operator": "PT Kereta Cepat Indonesia China",
        "public_transport": "station",
        "railway": "station",
        "station": "train",
        "train": "yes",
        "wikidata": "Q111590565",
        "wikipedia": "id:Stasiun kereta cepat Karawang"
      },
      "geometry": {
        "type": "Point",
        "coordinates": [
          107.218992,
          -6.3646774
        ]
      },
      "id": "node/5851224876"
    },
    {
      "type": "Feature",
      "properties": {
        "@id": "node/5984702930",
        "light_rail": "yes",
        "name": "Velodrome",
        "network": "LRT Jakarta",
        "operator": "PT LRT Jakarta",
        "public_transport": "station",
        "railway": "station",
        "station": "light_rail",
        "train": "yes",
        "wikidata": "Q20462389",
        "wikipedia": "id:Stasiun LRT Velodrome"
      },
      "geometry": {
        "type": "Point",
        "coordinates": [
          106.8911771,
          -6.1921316
        ]
      },
      "id": "node/5984702930"
    },
    {
      "type": "Feature",
      "properties": {
        "@id": "node/6158347802",
        "ele": "9",
        "name": "Krengseng",
        "network": "KAI",
        "network:wikidata": "Q2745027",
        "public_transport": "station",
        "railway": "station",
        "railway:ref": "KNS",
        "train": "yes",
        "wikidata": "Q12516290",
        "wikipedia": "id:Stasiun Krengseng"
      },
      "geometry": {
        "type": "Point",
        "coordinates": [
          110.0278204,
          -6.952419
        ]
      },
      "id": "node/6158347802"
    },
    {
      "type": "Feature",
      "properties": {
        "@id": "node/6167792549",
        "ele": "244",
        "name": "Garum",
        "network": "KAI Commuter",
        "network:wikidata": "Q12501611",
        "public_transport": "station",
        "railway": "station",
        "railway:ref": "GRM",
        "train": "yes",
        "wikidata": "Q3945899",
        "wikipedia": "id:Stasiun Garum"
      },
      "geometry": {
        "type": "Point",
        "coordinates": [
          112.2169504,
          -8.0735881
        ]
      },
      "id": "node/6167792549"
    },
    {
      "type": "Feature",
      "properties": {
        "@id": "node/6400268691",
        "addr:city": "Kediri",
        "addr:street": "Jalan Stasiun",
        "ele": "68",
        "name": "Kediri",
        "network": "KAI",
        "network:wikidata": "Q2745027",
        "public_transport": "station",
        "railway": "station",
        "railway:ref": "KD",
        "train": "yes",
        "wikidata": "Q2530795"
      },
      "geometry": {
        "type": "Point",
        "coordinates": [
          112.0156357,
          -7.817345
        ]
      },
      "id": "node/6400268691"
    },
    {
      "type": "Feature",
      "properties": {
        "@id": "node/6466270050",
        "alt_name": "Stasiun Cibungur",
        "ele": "77",
        "name": "Cibungur",
        "network": "KAI Commuter",
        "network:wikidata": "Q12501611",
        "operator": "PT Kereta Api Indonesia",
        "operator:website": "https://www.kai.id",
        "operator:wikidata": "Q2745027",
        "public_transport": "station",
        "railway": "station",
        "railway:ref": "CBR",
        "train": "yes",
        "wheelchair": "limited",
        "wikidata": "Q2530793",
        "wikipedia": "id:Stasiun Cibungur"
      },
      "geometry": {
        "type": "Point",
        "coordinates": [
          107.4795654,
          -6.4678378
        ]
      },
      "id": "node/6466270050"
    },
    {
      "type": "Feature",
      "properties": {
        "@id": "node/6483392223",
        "alt_name": "Stasiun Purwakarta",
        "ele": "84",
        "name": "Purwakarta",
        "network": "KAI",
        "network:wikidata": "Q2745027",
        "operator": "PT Kereta Api Indonesia",
        "operator:website": "https://www.kai.id",
        "operator:wikidata": "Q2745027",
        "public_transport": "station",
        "railway": "station",
        "railway:ref": "PWK",
        "train": "yes",
        "wheelchair": "no",
        "wikidata": "Q12516325",
        "wikipedia": "id:Stasiun Purwakarta"
      },
      "geometry": {
        "type": "Point",
        "coordinates": [
          107.4465323,
          -6.5527796
        ]
      },
      "id": "node/6483392223"
    },
    {
      "type": "Feature",
      "properties": {
        "@id": "node/7069851670",
        "addr:city": "Garut",
        "addr:postcode": "44117",
        "addr:street": "Jalan Bank",
        "alt_name": "Stasiun Garut",
        "description": "Stasiun Garut (GRT) merupakan stasiun kereta api kelas II yang terletak di Pakuwon, Garut Kota, Garut. Stasiun yang terletak pada ketinggian +717 meter ini termasuk dalam Daerah Operasi II Bandung.",
        "ele": "717",
        "image": "https://www.google.com/maps/place/Stasiun+Garut/@-7.1851267,107.9327625,3a,75y,90t/data=!3m8!1e2!3m6!1sAF1QipPr3Py7Xw7d0rc0Z1eG_MP8OLuMAzsh926L_GO5!2e10!3e12!6shttps:%2F%2Flh5.googleusercontent.com%2Fp%2FAF1QipPr3Py7Xw7d0rc0Z1eG_MP8OLuMAzsh926L_GO5%3Dw114",
        "internet_access": "yes",
        "name": "Garut",
        "name:en": "Garut",
        "name:id": "Garut",
        "name:zh": "牙律",
        "network": "KAI",
        "network:wikidata": "Q2745027",
        "operator": "PT Kereta Api Indonesia",
        "operator:website": "https://www.kai.id",
        "operator:wikidata": "Q2745027",
        "public_transport": "station",
        "railway": "station",
        "railway:ref": "GRT",
        "train": "yes",
        "wikidata": "Q12516254",
        "wikipedia": "id:Stasiun Garut"
      },
      "geometry": {
        "type": "Point",
        "coordinates": [
          107.9035501,
          -7.2133699
        ]
      },
      "id": "node/7069851670"
    },
    {
      "type": "Feature",
      "properties": {
        "@id": "node/7069851671",
        "addr:city": "Kab Garut",
        "addr:postcode": "44183",
        "addr:street": "Jalan Garut Wanaraja",
        "alt_name": "Stasiun Wanaraja",
        "ele": "692",
        "internet_access": "yes",
        "name": "Wanaraja",
        "name:en": "Wanaraja",
        "name:id": "Wanaraja",
        "network": "KAI Commuter",
        "network:wikidata": "Q12501611",
        "operator": "PT Kereta Api Indonesia",
        "operator:website": "https://www.kai.id",
        "operator:wikidata": "Q2745027",
        "public_transport": "station",
        "railway": "station",
        "railway:ref": "WNR",
        "train": "yes",
        "wikidata": "Q12516363",
        "wikipedia": "id:Stasiun Wanaraja"
      },
      "geometry": {
        "type": "Point",
        "coordinates": [
          107.9767057,
          -7.1648613
        ]
      },
      "id": "node/7069851671"
    },
    {
      "type": "Feature",
      "properties": {
        "@id": "node/7069851672",
        "addr:city": "Kab Garut",
        "addr:postcode": "44184",
        "addr:street": "Sukahaji, Kec. Sukawening, Kabupaten Garut",
        "alt_name": "Stasiun Pasirjengkol",
        "internet_access": "yes",
        "name": "Pasirjengkol",
        "name:en": "Pasirjengkol",
        "name:id": "Pasirjengkol",
        "network": "KAI Commuter",
        "network:wikidata": "Q12501611",
        "operator": "PT Kereta Api Indonesia",
        "operator:website": "https://www.kai.id",
        "operator:wikidata": "Q2745027",
        "public_transport": "station",
        "railway": "station",
        "train": "yes",
        "wikidata": "Q25463056",
        "wikipedia": "id:Stasiun Pasirjengkol"
      },
      "geometry": {
        "type": "Point",
        "coordinates": [
          107.9924477,
          -7.1283156
        ]
      },
      "id": "node/7069851672"
    },
    {
      "type": "Feature",
      "properties": {
        "@id": "node/7109010871",
        "name": "Kadipiro",
        "public_transport": "station",
        "railway": "station",
        "train": "yes",
        "wikidata": "Q20427551",
        "wikipedia": "id:Stasiun Kadipiro"
      },
      "geometry": {
        "type": "Point",
        "coordinates": [
          110.8180694,
          -7.5308135
        ]
      },
      "id": "node/7109010871"
    },
    {
      "type": "Feature",
      "properties": {
        "@id": "node/7109010878",
        "ele": "131",
        "name": "Adi Soemarmo",
        "network": "KAI",
        "network:wikidata": "Q2745027",
        "public_transport": "station",
        "railway": "station",
        "railway:ref": "SMO",
        "start_date": "2019",
        "train": "yes",
        "wikidata": "Q56394389",
        "wikipedia": "id:Stasiun Bandara Adisoemarmo"
      },
      "geometry": {
        "type": "Point",
        "coordinates": [
          110.7478647,
          -7.5134399
        ]
      },
      "id": "node/7109010878"
    },
    {
      "type": "Feature",
      "properties": {
        "@id": "node/7249140957",
        "ele": "8",
        "name": "Cisauk",
        "network": "KAI Commuter",
        "network:wikidata": "Q12501611",
        "operator": "PT Kereta Api Indonesia",
        "public_transport": "station",
        "railway": "station",
        "railway:ref": "CSK",
        "train": "yes",
        "wikidata": "Q12516246",
        "wikimedia_commons": "File:Bangunan_lama_Stasiun_Cisauk..jpg",
        "wikipedia": "id:Stasiun Cisauk"
      },
      "geometry": {
        "type": "Point",
        "coordinates": [
          106.6416257,
          -6.3244445
        ]
      },
      "id": "node/7249140957"
    },
    {
      "type": "Feature",
      "properties": {
        "@id": "node/7476993739",
        "alt_name": "Stasiun Langen",
        "ele": "16",
        "local_ref": "2",
        "name": "Langen",
        "network": "KAI",
        "network:wikidata": "Q2745027",
        "opening_hours": "24/7",
        "operator": "PT Kereta Api Indonesia",
        "operator:website": "https://www.kai.id",
        "operator:wikidata": "Q2745027",
        "public_transport": "station",
        "railway": "station",
        "railway:ref": "LN",
        "train": "yes",
        "wikidata": "Q12516292",
        "wikipedia": "id:Stasiun Langen"
      },
      "geometry": {
        "type": "Point",
        "coordinates": [
          108.636925,
          -7.3601518
        ]
      },
      "id": "node/7476993739"
    },
    {
      "type": "Feature",
      "properties": {
        "@id": "node/7551430932",
        "ele": "3",
        "name": "Surabayan",
        "network": "KAI",
        "network:wikidata": "Q2745027",
        "operator": "Kereta Api Indonesia",
        "public_transport": "station",
        "railway": "station",
        "railway:ref": "SBN",
        "train": "yes",
        "wikidata": "Q19741271",
        "wikipedia": "id:Stasiun Surabayan"
      },
      "geometry": {
        "type": "Point",
        "coordinates": [
          112.3554626,
          -7.0997852
        ]
      },
      "id": "node/7551430932"
    },
    {
      "type": "Feature",
      "properties": {
        "@id": "node/7764926504",
        "alt_name": "Stasiun Matraman",
        "name": "Matraman",
        "network": "KAI Commuter",
        "network:wikidata": "Q12501611",
        "operator": "PT Kereta Api Indonesia",
        "operator:website": "https://www.kai.id",
        "operator:wikidata": "Q2745027",
        "public_transport": "station",
        "railway": "station",
        "railway:ref": "MTR",
        "train": "yes",
        "wikidata": "Q65341446",
        "wikipedia": "id:Stasiun Matraman"
      },
      "geometry": {
        "type": "Point",
        "coordinates": [
          106.8597528,
          -6.2125672
        ]
      },
      "id": "node/7764926504"
    },
    {
      "type": "Feature",
      "properties": {
        "@id": "node/7835804291",
        "alt_name": "Stasiun Cilame",
        "ele": "633",
        "name": "Cilame",
        "network": "KAI Commuter",
        "network:wikidata": "Q12501611",
        "operator": "PT Kereta Api Indonesia",
        "operator:website": "https://www.kai.id",
        "operator:wikidata": "Q2745027",
        "public_transport": "station",
        "railway": "station",
        "railway:ref": "CLE",
        "train": "yes",
        "wheelchair": "no",
        "wikidata": "Q12516240",
        "wikipedia": "id:Stasiun Cilame"
      },
      "geometry": {
        "type": "Point",
        "coordinates": [
          107.4634455,
          -6.8033145
        ]
      },
      "id": "node/7835804291"
    },
    {
      "type": "Feature",
      "properties": {
        "@id": "node/7835804385",
        "alt_name": "Stasiun Larangan",
        "ele": "21",
        "name": "Larangan",
        "network": "KAI",
        "network:wikidata": "Q2745027",
        "operator": "PT Kereta Api Indonesia",
        "operator:website": "https://www.kai.id",
        "operator:wikidata": "Q2745027",
        "public_transport": "station",
        "railway": "station",
        "railway:ref": "LRA",
        "train": "yes",
        "wikidata": "Q2414446",
        "wikipedia": "id:Stasiun Larangan"
      },
      "geometry": {
        "type": "Point",
        "coordinates": [
          108.9488204,
          -6.9903744
        ]
      },
      "id": "node/7835804385"
    },
    {
      "type": "Feature",
      "properties": {
        "@id": "node/7835804386",
        "alt_name": "Stasiun Songgom",
        "ele": "23",
        "name": "Songgom",
        "network": "KAI",
        "network:wikidata": "Q2745027",
        "operator": "PT Kereta Api Indonesia",
        "operator:website": "https://www.kai.id",
        "operator:wikidata": "Q2745027",
        "public_transport": "station",
        "railway": "station",
        "railway:ref": "SGG",
        "train": "yes",
        "wheelchair": "no",
        "wikidata": "Q2781751",
        "wikipedia": "id:Stasiun Songgom"
      },
      "geometry": {
        "type": "Point",
        "coordinates": [
          108.9889705,
          -7.0243387
        ]
      },
      "id": "node/7835804386"
    },
    {
      "type": "Feature",
      "properties": {
        "@id": "node/7835804486",
        "alt_name": "Stasiun Lemahabang",
        "amenity": "bus_station",
        "ele": "16",
        "name": "Lemahabang",
        "name:en": "Lemahabang",
        "name:id": "Lemahabang",
        "network": "KAI Commuter",
        "network:wikidata": "Q12501611",
        "operator": "PT Kereta Api Indonesia",
        "operator:website": "https://www.kai.id",
        "operator:wikidata": "Q2745027",
        "public_transport": "station",
        "railway": "station",
        "railway:ref": "LMB",
        "train": "yes",
        "wheelchair": "no",
        "wikidata": "Q2007591",
        "wikipedia": "id:Stasiun Lemahabang"
      },
      "geometry": {
        "type": "Point",
        "coordinates": [
          107.179632,
          -6.2706844
        ]
      },
      "id": "node/7835804486"
    },
    {
      "type": "Feature",
      "properties": {
        "@id": "node/7835804488",
        "alt_name": "Stasiun Kosambi",
        "ele": "28",
        "name": "Kosambi",
        "name:en": "Kosambi",
        "name:id": "Kosambi",
        "network": "KAI Commuter",
        "network:wikidata": "Q12501611",
        "operator": "KAI Commuter",
        "operator:wikidata": "Q12501611",
        "public_transport": "station",
        "railway": "station",
        "railway:ref": "KOS",
        "train": "yes",
        "wheelchair": "no",
        "wikidata": "Q2721497",
        "wikipedia": "id:Stasiun Kosambi"
      },
      "geometry": {
        "type": "Point",
        "coordinates": [
          107.3747867,
          -6.3690828
        ]
      },
      "id": "node/7835804488"
    },
    {
      "type": "Feature",
      "properties": {
        "@id": "node/7835804491",
        "alt_name": "Stasiun Ciganea",
        "ele": "141",
        "name": "Ciganea",
        "name:en": "Ciganea",
        "network": "KAI Commuter",
        "network:wikidata": "Q12501611",
        "operator": "PT Kereta Api Indonesia",
        "operator:website": "https://www.kai.id",
        "operator:wikidata": "Q2745027",
        "public_transport": "station",
        "railway": "station",
        "railway:ref": "CA",
        "train": "yes",
        "wheelchair": "no",
        "wikidata": "Q779130",
        "wikipedia": "id:Stasiun Ciganea"
      },
      "geometry": {
        "type": "Point",
        "coordinates": [
          107.4307049,
          -6.5735036
        ]
      },
      "id": "node/7835804491"
    },
    {
      "type": "Feature",
      "properties": {
        "@id": "node/7835804498",
        "alt_name": "Stasiun Karangpucung",
        "ele": "45",
        "name": "Karangpucung",
        "network": "KAI",
        "network:wikidata": "Q2745027",
        "operator": "PT Kereta Api Indonesia",
        "operator:website": "https://www.kai.id",
        "operator:wikidata": "Q2745027",
        "public_transport": "station",
        "railway": "station",
        "railway:ref": "KNP",
        "train": "yes",
        "wikidata": "Q19741031",
        "wikipedia": "id:Stasiun Karangpucung"
      },
      "geometry": {
        "type": "Point",
        "coordinates": [
          108.4940732,
          -7.3534554
        ]
      },
      "id": "node/7835804498"
    },
    {
      "type": "Feature",
      "properties": {
        "@id": "node/7835804886",
        "alt_name": "Stasiun Cikampek",
        "ele": "46",
        "name": "Cikampek",
        "name:id": "Cikampek",
        "name:zh": "芝甘北",
        "network": "KAI",
        "network:wikidata": "Q2745027",
        "operator": "PT Kereta Api Indonesia",
        "operator:website": "https://www.kai.id",
        "operator:wikidata": "Q2745027",
        "public_transport": "station",
        "railway": "station",
        "railway:ref": "CKP",
        "train": "yes",
        "wikidata": "Q1853264",
        "wikipedia": "id:Stasiun Cikampek"
      },
      "geometry": {
        "type": "Point",
        "coordinates": [
          107.4589073,
          -6.4064302
        ]
      },
      "id": "node/7835804886"
    },
    {
      "type": "Feature",
      "properties": {
        "@id": "node/7835804888",
        "alt_name": "Stasiun Cipeuyeum",
        "ele": "272",
        "name": "Cipeuyeum",
        "network": "KAI",
        "network:wikidata": "Q2745027",
        "operator": "PT Kereta Api Indonesia",
        "operator:website": "https://www.kai.id",
        "operator:wikidata": "Q2745027",
        "public_transport": "station",
        "railway": "station",
        "railway:ref": "CPY",
        "train": "yes",
        "wikidata": "Q12516245",
        "wikipedia": "id:Stasiun Cipeuyeum"
      },
      "geometry": {
        "type": "Point",
        "coordinates": [
          107.2981724,
          -6.818469
        ]
      },
      "id": "node/7835804888"
    },
    {
      "type": "Feature",
      "properties": {
        "@id": "node/7835804889",
        "alt_name": "Stasiun Cipatat",
        "ele": "387",
        "name": "Cipatat",
        "network": "KAI",
        "network:wikidata": "Q2745027",
        "operator": "PT Kereta Api Indonesia",
        "operator:website": "https://www.kai.id",
        "operator:wikidata": "Q2745027",
        "public_transport": "station",
        "railway": "station",
        "railway:ref": "CPT",
        "train": "yes",
        "wikidata": "Q12516243",
        "wikipedia": "en:Cipatat railway station"
      },
      "geometry": {
        "type": "Point",
        "coordinates": [
          107.3860457,
          -6.8220386
        ]
      },
      "id": "node/7835804889"
    },
    {
      "type": "Feature",
      "properties": {
        "@id": "node/7835804895",
        "addr:city": "West Bandung Regency",
        "alt_name": "Stasiun Sasaksaat;Stasiun Saksaat;Saksaat",
        "ele": "541",
        "name": "Sasaksaat",
        "network": "KAI Commuter",
        "network:wikidata": "Q12501611",
        "operator": "PT Kereta Api Indonesia",
        "operator:website": "https://www.kai.id",
        "operator:wikidata": "Q2745027",
        "public_transport": "station",
        "railway": "station",
        "railway:ref": "SKT",
        "train": "yes",
        "wheelchair": "no",
        "wikidata": "Q12516338",
        "wikipedia": "id:Stasiun Sasaksaat"
      },
      "geometry": {
        "type": "Point",
        "coordinates": [
          107.4319885,
          -6.7801577
        ]
      },
      "id": "node/7835804895"
    },
    {
      "type": "Feature",
      "properties": {
        "@id": "node/7835805293",
        "alt_name": "Stasiun Awipari",
        "ele": "327",
        "name": "Awipari",
        "network": "KAI",
        "network:wikidata": "Q2745027",
        "operator": "PT Kereta Api Indonesia",
        "operator:website": "https://www.kai.id",
        "operator:wikidata": "Q2745027",
        "public_transport": "station",
        "railway": "station",
        "railway:ref": "AW",
        "train": "yes",
        "wikidata": "Q12516216",
        "wikipedia": "id:Stasiun Awipari"
      },
      "geometry": {
        "type": "Point",
        "coordinates": [
          108.2743716,
          -7.3538405
        ]
      },
      "id": "node/7835805293"
    },
    {
      "type": "Feature",
      "properties": {
        "@id": "node/7835805294",
        "alt_name": "Stasiun Bojong",
        "ele": "124",
        "name": "Bojong",
        "network": "KAI",
        "network:wikidata": "Q2745027",
        "operator": "PT Kereta Api Indonesia",
        "operator:website": "https://www.kai.id",
        "operator:wikidata": "Q2745027",
        "public_transport": "station",
        "railway": "station",
        "railway:ref": "BJG",
        "train": "yes",
        "wikidata": "Q2267467",
        "wikipedia": "id:Stasiun Bojong"
      },
      "geometry": {
        "type": "Point",
        "coordinates": [
          108.4302093,
          -7.3473596
        ]
      },
      "id": "node/7835805294"
    },
    {
      "type": "Feature",
      "properties": {
        "@id": "node/7849124397",
        "alt_name": "Stasiun Sikampuh",
        "ele": "8",
        "name": "Sikampuh",
        "name:en": "Sikampuh",
        "name:id": "Sikampuh",
        "network": "KAI",
        "network:wikidata": "Q2745027",
        "operator": "PT Kereta Api Indonesia",
        "operator:website": "https://www.kai.id",
        "operator:wikidata": "Q2745027",
        "public_transport": "station",
        "railway": "station",
        "railway:ref": "SKP",
        "tourism": "attraction",
        "train": "yes",
        "wikidata": "Q1920310",
        "wikipedia": "id:Stasiun Sikampuh"
      },
      "geometry": {
        "type": "Point",
        "coordinates": [
          109.1974864,
          -7.625871
        ]
      },
      "id": "node/7849124397"
    },
    {
      "type": "Feature",
      "properties": {
        "@id": "node/7849142889",
        "alt_name": "Stasiun Pringkasap",
        "ele": "25",
        "name": "Pringkasap",
        "network": "KAI",
        "network:wikidata": "Q2745027",
        "operator": "PT Kereta Api Indonesia",
        "operator:website": "https://www.kai.id",
        "operator:wikidata": "Q2745027",
        "public_transport": "station",
        "railway": "station",
        "railway:ref": "PRI",
        "train": "yes",
        "wikidata": "Q12516326",
        "wikipedia": "id:Stasiun Pringkasap"
      },
      "geometry": {
        "type": "Point",
        "coordinates": [
          107.6345113,
          -6.4180695
        ]
      },
      "id": "node/7849142889"
    },
    {
      "type": "Feature",
      "properties": {
        "@id": "node/7849142891",
        "alt_name": "Stasiun Pegaden Baru",
        "ele": "27",
        "name": "Pegaden Baru",
        "network": "KAI",
        "network:wikidata": "Q2745027",
        "operator": "PT Kereta Api Indonesia",
        "operator:website": "https://www.kai.id",
        "operator:wikidata": "Q2745027",
        "public_transport": "station",
        "railway": "station",
        "railway:ref": "PGB",
        "train": "yes",
        "wikidata": "Q2634482",
        "wikipedia": "id:Stasiun Pegaden Baru"
      },
      "geometry": {
        "type": "Point",
        "coordinates": [
          107.8170956,
          -6.4536012
        ]
      },
      "id": "node/7849142891"
    },
    {
      "type": "Feature",
      "properties": {
        "@id": "node/7849142893",
        "alt_name": "Stasiun Lebeng",
        "ele": "11",
        "name": "Lebeng",
        "name:en": "Lebeng",
        "name:id": "Lebeng",
        "network": "KAI",
        "network:wikidata": "Q2745027",
        "operator": "PT Kereta Api Indonesia",
        "operator:website": "https://www.kai.id",
        "operator:wikidata": "Q2745027",
        "public_transport": "station",
        "railway": "station",
        "railway:ref": "LBG",
        "train": "yes",
        "wikidata": "Q12516295",
        "wikipedia": "id:Stasiun Lebeng"
      },
      "geometry": {
        "type": "Point",
        "coordinates": [
          109.0769351,
          -7.6212895
        ]
      },
      "id": "node/7849142893"
    },
    {
      "type": "Feature",
      "properties": {
        "@id": "node/7849144087",
        "ele": "17",
        "name": "Sumpiuh",
        "network": "KAI",
        "network:wikidata": "Q2745027",
        "operator": "PT Kereta Api Indonesia",
        "public_transport": "station",
        "railway": "station",
        "railway:ref": "SPH",
        "train": "yes",
        "wikidata": "Q937787",
        "wikipedia": "id:Stasiun Sumpiuh"
      },
      "geometry": {
        "type": "Point",
        "coordinates": [
          109.3611086,
          -7.6152463
        ]
      },
      "id": "node/7849144087"
    },
    {
      "type": "Feature",
      "properties": {
        "@id": "node/7849153591",
        "alt_name": "Stasiun Sindanglaut",
        "ele": "14",
        "name": "Sindanglaut",
        "network": "KAI",
        "network:wikidata": "Q2745027",
        "operator": "PT Kereta Api Indonesia",
        "operator:website": "https://www.kai.id",
        "operator:wikidata": "Q2745027",
        "public_transport": "station",
        "railway": "station",
        "railway:ref": "SDU",
        "train": "yes",
        "wikidata": "Q1960320",
        "wikipedia": "id:Stasiun Sindanglaut"
      },
      "geometry": {
        "type": "Point",
        "coordinates": [
          108.6258519,
          -6.8328608
        ]
      },
      "id": "node/7849153591"
    },
    {
      "type": "Feature",
      "properties": {
        "@id": "node/7849153593",
        "alt_name": "Stasiun Prupuk",
        "ele": "36",
        "name": "Prupuk",
        "network": "KAI",
        "network:wikidata": "Q2745027",
        "operator": "PT Kereta Api Indonesia",
        "operator:website": "https://www.kai.id",
        "operator:wikidata": "Q2745027",
        "public_transport": "station",
        "railway": "station",
        "railway:ref": "PPK",
        "train": "yes",
        "wikidata": "Q2603543",
        "wikipedia": "id:Stasiun Prupuk"
      },
      "geometry": {
        "type": "Point",
        "coordinates": [
          108.9827363,
          -7.1229242
        ]
      },
      "id": "node/7849153593"
    },
    {
      "type": "Feature",
      "properties": {
        "@id": "node/7849153594",
        "alt_name": "Stasiun Bumiayu",
        "ele": "236.45",
        "name": "Bumiayu",
        "network": "KAI",
        "network:wikidata": "Q2745027",
        "operator": "PT Kereta Api Indonesia",
        "operator:website": "https://www.kai.id",
        "operator:wikidata": "Q2745027",
        "public_transport": "station",
        "railway": "station",
        "railway:ref": "BMA",
        "train": "yes",
        "wheelchair": "limited",
        "wikidata": "Q628251",
        "wikipedia": "id:Stasiun Bumiayu"
      },
      "geometry": {
        "type": "Point",
        "coordinates": [
          109.0098856,
          -7.2372809
        ]
      },
      "id": "node/7849153594"
    },
    {
      "type": "Feature",
      "properties": {
        "@id": "node/7849155185",
        "alt_name": "Stasiun Cipari",
        "ele": "11",
        "name": "Cipari",
        "name:en": "Cipari",
        "name:id": "Cipari",
        "network": "KAI",
        "network:wikidata": "Q2745027",
        "operator": "PT Kereta Api Indonesia",
        "operator:website": "https://www.kai.id",
        "operator:wikidata": "Q2745027",
        "public_transport": "station",
        "railway": "station",
        "railway:ref": "CPI",
        "train": "yes",
        "wikidata": "Q2773616",
        "wikipedia": "id:Stasiun Cipari"
      },
      "geometry": {
        "type": "Point",
        "coordinates": [
          108.7610943,
          -7.440335
        ]
      },
      "id": "node/7849155185"
    },
    {
      "type": "Feature",
      "properties": {
        "@id": "node/7849155585",
        "alt_name": "Stasiun Karangkandri",
        "ele": "8",
        "name": "Karangkandri",
        "name:en": "Karangkandri",
        "name:id": "Karangkandri",
        "network": "KAI",
        "network:wikidata": "Q2745027",
        "operator": "PT Kereta Api Indonesia",
        "operator:website": "https://www.kai.id",
        "operator:wikidata": "Q2745027",
        "public_transport": "station",
        "railway": "station",
        "railway:ref": "KKD",
        "train": "yes",
        "wikidata": "Q19741029",
        "wikipedia": "id:Stasiun Karangkandri"
      },
      "geometry": {
        "type": "Point",
        "coordinates": [
          109.0757121,
          -7.666246
        ]
      },
      "id": "node/7849155585"
    },
    {
      "type": "Feature",
      "properties": {
        "@id": "node/7855165785",
        "alt_name": "Stasiun Brebes",
        "ele": "4",
        "name": "Brebes",
        "name:id": "Brebes",
        "name:zh": "勿里碧",
        "network": "KAI",
        "network:wikidata": "Q2745027",
        "operator": "PT Kereta Api Indonesia",
        "operator:website": "https://www.kai.id",
        "operator:wikidata": "Q2745027",
        "public_transport": "station",
        "railway": "station",
        "railway:ref": "BB",
        "train": "yes",
        "wikidata": "Q2582744",
        "wikipedia": "id:Stasiun Brebes"
      },
      "geometry": {
        "type": "Point",
        "coordinates": [
          109.0437151,
          -6.8745119
        ]
      },
      "id": "node/7855165785"
    },
    {
      "type": "Feature",
      "properties": {
        "@id": "node/7880147174",
        "alt_name": "Stasiun Bogor",
        "name": "Bogor",
        "name:ko": "보고르",
        "name:th": "โบโกร์",
        "network": "KAI Commuter",
        "network:wikidata": "Q12501611",
        "operator": "Kereta Commuter Indonesia",
        "operator:wikidata": "Q2745027",
        "petarakyat": "include",
        "public_transport": "station",
        "railway": "station",
        "railway:ref": "BOO",
        "stop_id": "10007",
        "train": "yes",
        "wikidata": "Q2441490",
        "wikipedia": "id:Stasiun Bogor"
      },
      "geometry": {
        "type": "Point",
        "coordinates": [
          106.7907695,
          -6.5942887
        ]
      },
      "id": "node/7880147174"
    },
    {
      "type": "Feature",
      "properties": {
        "@id": "node/7893426487",
        "ele": "23",
        "name": "Karangjati",
        "network": "KAI",
        "network:wikidata": "Q2745027",
        "public_transport": "station",
        "railway": "station",
        "railway:ref": "KGT",
        "train": "yes",
        "wikidata": "Q2204030",
        "wikipedia": "id:Stasiun Karangjati"
      },
      "geometry": {
        "type": "Point",
        "coordinates": [
          110.7790478,
          -7.1014102
        ]
      },
      "id": "node/7893426487"
    },
    {
      "type": "Feature",
      "properties": {
        "@id": "node/7893436390",
        "ele": "29",
        "name": "Sedadi",
        "network": "KAI",
        "network:wikidata": "Q2745027",
        "public_transport": "station",
        "railway": "station",
        "railway:ref": "SDI",
        "train": "yes",
        "wikidata": "Q19741234",
        "wikipedia": "id:Stasiun Sedadi"
      },
      "geometry": {
        "type": "Point",
        "coordinates": [
          110.8487415,
          -7.1407939
        ]
      },
      "id": "node/7893436390"
    },
    {
      "type": "Feature",
      "properties": {
        "@id": "node/7893442186",
        "addr:city": "Grobogan",
        "addr:postcode": "58165",
        "addr:street": "Jalan Stasiun Tegowanu",
        "ele": "13",
        "name": "Tegowanu",
        "network": "KAI",
        "network:wikidata": "Q2745027",
        "operator": "PT. Kereta Api Indonesia (Persero)",
        "public_transport": "station",
        "railway": "station",
        "railway:ref": "TGW",
        "train": "yes",
        "wikidata": "Q12516351",
        "wikipedia": "id:Stasiun Tegowanu"
      },
      "geometry": {
        "type": "Point",
        "coordinates": [
          110.6024099,
          -7.0530538
        ]
      },
      "id": "node/7893442186"
    },
    {
      "type": "Feature",
      "properties": {
        "@id": "node/7898644685",
        "ele": "53",
        "name": "Kradenan",
        "network": "KAI",
        "network:wikidata": "Q2745027",
        "operator": "PT Kereta Api Indonesia (Persero)",
        "public_transport": "station",
        "railway": "station",
        "railway:ref": "KNN",
        "train": "yes",
        "wikidata": "Q12516288",
        "wikipedia": "id:Stasiun Kradenan"
      },
      "geometry": {
        "type": "Point",
        "coordinates": [
          111.1468413,
          -7.1503618
        ]
      },
      "id": "node/7898644685"
    },
    {
      "type": "Feature",
      "properties": {
        "@id": "node/7965312126",
        "ele": "93",
        "name": "Solo Balapan",
        "network": "KAI",
        "network:wikidata": "Q2745027",
        "public_transport": "station",
        "railway": "station",
        "railway:ref": "SLO",
        "train": "yes",
        "wikidata": "Q2708723",
        "wikipedia": "id:Stasiun Solo Balapan"
      },
      "geometry": {
        "type": "Point",
        "coordinates": [
          110.821487,
          -7.5566323
        ]
      },
      "id": "node/7965312126"
    },
    {
      "type": "Feature",
      "properties": {
        "@id": "node/7965312134",
        "ele": "152",
        "name": "Srowot",
        "network": "KAI Commuter",
        "network:wikidata": "Q12501611",
        "public_transport": "station",
        "railway": "station",
        "railway:ref": "SWT",
        "train": "yes",
        "wikidata": "Q585867",
        "wikipedia": "en:Srowot railway station"
      },
      "geometry": {
        "type": "Point",
        "coordinates": [
          110.5493576,
          -7.7413566
        ]
      },
      "id": "node/7965312134"
    },
    {
      "type": "Feature",
      "properties": {
        "@id": "node/7965313304",
        "addr:city": "Klaten",
        "addr:housenumber": "53",
        "addr:postcode": "57412",
        "addr:street": "Jalan Haji Samanhudi",
        "ele": "151",
        "name": "Klaten",
        "network": "KAI",
        "network:wikidata": "Q2745027",
        "operator": "PT. Kereta Api Indonesia (Persero)",
        "public_transport": "station",
        "railway": "station",
        "railway:ref": "KT",
        "train": "yes",
        "wikidata": "Q1822516",
        "wikipedia": "id:Stasiun Klaten"
      },
      "geometry": {
        "type": "Point",
        "coordinates": [
          110.6029736,
          -7.7123541
        ]
      },
      "id": "node/7965313304"
    },
    {
      "type": "Feature",
      "properties": {
        "@id": "node/7965313597",
        "addr:city": "Madiun",
        "addr:postcode": "63102",
        "addr:street": "Jalan Komisaris Polisi Sunaryo",
        "departures_board": "realtime",
        "departures_board:speech_output": "no",
        "ele": "63",
        "name": "Madiun",
        "network": "KAI",
        "network:wikidata": "Q2745027",
        "operator": "PT Kereta Api Indonesia (Persero)",
        "public_transport": "station",
        "railway": "station",
        "railway:ref": "MN",
        "train": "yes",
        "wheelchair": "yes",
        "wikidata": "Q2376621",
        "wikipedia": "en:Madiun railway station"
      },
      "geometry": {
        "type": "Point",
        "coordinates": [
          111.5248581,
          -7.618593
        ]
      },
      "id": "node/7965313597"
    },
    {
      "type": "Feature",
      "properties": {
        "@id": "node/7965317986",
        "alt_name": "Stasiun Meluwung",
        "ele": "12",
        "name": "Meluwung",
        "name:en": "Meluwung",
        "name:id": "Meluwung",
        "network": "KAI",
        "network:wikidata": "Q2745027",
        "operator": "PT Kereta Api Indonesia",
        "operator:website": "https://www.kai.id",
        "operator:wikidata": "Q2745027",
        "public_transport": "station",
        "railway": "station",
        "railway:ref": "MLW",
        "train": "yes",
        "wikidata": "Q19741109",
        "wikipedia": "id:Stasiun Meluwung"
      },
      "geometry": {
        "type": "Point",
        "coordinates": [
          108.6994826,
          -7.3942975
        ]
      },
      "id": "node/7965317986"
    },
    {
      "type": "Feature",
      "properties": {
        "@id": "node/7967488887",
        "ele": "28",
        "name": "Sumobito",
        "network": "KAI Commuter",
        "network:wikidata": "Q12501611",
        "public_transport": "station",
        "railway": "station",
        "railway:ref": "SBO",
        "train": "yes",
        "wikidata": "Q930129",
        "wikipedia": "id:Stasiun Sumobito"
      },
      "geometry": {
        "type": "Point",
        "coordinates": [
          112.3393558,
          -7.5193957
        ]
      },
      "id": "node/7967488887"
    },
    {
      "type": "Feature",
      "properties": {
        "@id": "node/7984622685",
        "ele": "8",
        "name": "Indro",
        "network": "KAI Commuter",
        "network:wikidata": "Q12501611",
        "public_transport": "station",
        "railway": "station",
        "railway:ref": "IDO",
        "train": "yes",
        "wikidata": "Q2166941",
        "wikipedia": "id:Stasiun Indro"
      },
      "geometry": {
        "type": "Point",
        "coordinates": [
          112.6644466,
          -7.1767537
        ]
      },
      "id": "node/7984622685"
    },
    {
      "type": "Feature",
      "properties": {
        "@id": "node/7991949185",
        "ele": "5",
        "name": "Surabaya Gubeng",
        "network": "KAI",
        "network:wikidata": "Q2745027",
        "operator": "Kereta Api Indonesia",
        "public_transport": "station",
        "railway": "station",
        "railway:ref": "SGU",
        "train": "yes",
        "wheelchair": "limited",
        "wikidata": "Q2355304",
        "wikipedia": "id:Stasiun Surabaya Gubeng"
      },
      "geometry": {
        "type": "Point",
        "coordinates": [
          112.7522142,
          -7.2653211
        ]
      },
      "id": "node/7991949185"
    },
    {
      "type": "Feature",
      "properties": {
        "@id": "node/8022755448",
        "addr:city": "Bandung Regency",
        "addr:housenumber": "1",
        "addr:postcode": "40395",
        "addr:street": "Jalan Stasiun Cicalengka",
        "alt_name": "Stasiun Cicalengka",
        "ele": "689",
        "name": "Cicalengka",
        "network": "KAI Commuter",
        "network:wikidata": "Q12501611",
        "operator": "PT Kereta Api Indonesia",
        "operator:website": "https://www.kai.id",
        "operator:wikidata": "Q2745027",
        "public_transport": "station",
        "railway": "station",
        "railway:ref": "CCL",
        "train": "yes",
        "wikidata": "Q2497924",
        "wikipedia": "en:Cicalengka railway station"
      },
      "geometry": {
        "type": "Point",
        "coordinates": [
          107.8325892,
          -6.9814295
        ]
      },
      "id": "node/8022755448"
    },
    {
      "type": "Feature",
      "properties": {
        "@id": "node/8038686685",
        "ele": "16",
        "name": "Tarik",
        "network": "KAI Commuter",
        "network:wikidata": "Q12501611",
        "public_transport": "station",
        "railway": "station",
        "railway:ref": "TRK",
        "train": "yes",
        "wikidata": "Q2600839",
        "wikipedia": "id:Stasiun Tarik"
      },
      "geometry": {
        "type": "Point",
        "coordinates": [
          112.5187765,
          -7.4595218
        ]
      },
      "id": "node/8038686685"
    },
    {
      "type": "Feature",
      "properties": {
        "@id": "node/8072001123",
        "ele": "89",
        "name": "Rogojampi",
        "network": "KAI",
        "network:wikidata": "Q2745027",
        "public_transport": "station",
        "railway": "station",
        "railway:ref": "RGP",
        "train": "yes",
        "wikidata": "Q19741224",
        "wikipedia": "id:Stasiun Rogojampi"
      },
      "geometry": {
        "type": "Point",
        "coordinates": [
          114.2924358,
          -8.3047015
        ]
      },
      "id": "node/8072001123"
    },
    {
      "type": "Feature",
      "properties": {
        "@id": "node/8072001320",
        "ele": "429",
        "name": "Malang Kotalama",
        "network": "KAI",
        "network:wikidata": "Q2745027",
        "public_transport": "station",
        "railway": "station",
        "railway:ref": "MLK",
        "train": "yes",
        "wikidata": "Q4425479",
        "wikipedia": "id:Stasiun Malang Kotalama"
      },
      "geometry": {
        "type": "Point",
        "coordinates": [
          112.6325144,
          -7.9948406
        ]
      },
      "id": "node/8072001320"
    },
    {
      "type": "Feature",
      "properties": {
        "@id": "node/8072001329",
        "ele": "514",
        "name": "Garahan",
        "network": "KAI",
        "network:wikidata": "Q2745027",
        "public_transport": "station",
        "railway": "station",
        "railway:ref": "GRN",
        "train": "yes",
        "wikidata": "Q14386015",
        "wikipedia": "id:Stasiun Garahan"
      },
      "geometry": {
        "type": "Point",
        "coordinates": [
          113.8957494,
          -8.2249332
        ]
      },
      "id": "node/8072001329"
    },
    {
      "type": "Feature",
      "properties": {
        "@id": "node/8072002122",
        "ele": "29",
        "name": "Jatiroto",
        "network": "KAI",
        "network:wikidata": "Q2745027",
        "public_transport": "station",
        "railway": "station",
        "railway:ref": "JTR",
        "train": "yes",
        "wikidata": "Q19740997",
        "wikipedia": "id:Stasiun Jatiroto"
      },
      "geometry": {
        "type": "Point",
        "coordinates": [
          113.364155,
          -8.1232548
        ]
      },
      "id": "node/8072002122"
    },
    {
      "type": "Feature",
      "properties": {
        "@id": "node/8072002127",
        "ele": "524",
        "name": "Mrawan",
        "network": "KAI",
        "network:wikidata": "Q2745027",
        "public_transport": "station",
        "railway": "station",
        "railway:ref": "MRW",
        "train": "yes",
        "wikidata": "Q2053275",
        "wikipedia": "id:Stasiun Mrawan"
      },
      "geometry": {
        "type": "Point",
        "coordinates": [
          113.9267761,
          -8.2723505
        ]
      },
      "id": "node/8072002127"
    },
    {
      "type": "Feature",
      "properties": {
        "@id": "node/8072002217",
        "ele": "386",
        "name": "Pakisaji",
        "network": "KAI Commuter",
        "network:wikidata": "Q12501611",
        "operator": "KAI",
        "public_transport": "station",
        "railway": "station",
        "railway:ref": "PSI",
        "train": "yes",
        "wikidata": "Q19741171",
        "wikipedia": "id:Stasiun Pakisaji"
      },
      "geometry": {
        "type": "Point",
        "coordinates": [
          112.5985712,
          -8.069302
        ]
      },
      "id": "node/8072002217"
    },
    {
      "type": "Feature",
      "properties": {
        "@id": "node/8251932156",
        "ele": "312",
        "name": "Sumberwadung",
        "network": "KAI",
        "network:wikidata": "Q2745027",
        "public_transport": "station",
        "railway": "station",
        "railway:ref": "SWD",
        "train": "yes",
        "wikidata": "Q2292712",
        "wikipedia": "id:Stasiun Sumberwadung"
      },
      "geometry": {
        "type": "Point",
        "coordinates": [
          114.1053931,
          -8.301699
        ]
      },
      "id": "node/8251932156"
    },
    {
      "type": "Feature",
      "properties": {
        "@id": "node/8272521372",
        "name": "Eks Stasiun Benculuk",
        "operational_status": "closed",
        "public_transport": "station",
        "railway": "station",
        "train": "yes",
        "wikidata": "Q61360196",
        "wikipedia": "id:Stasiun Benculuk"
      },
      "geometry": {
        "type": "Point",
        "coordinates": [
          114.2273238,
          -8.4333539
        ]
      },
      "id": "node/8272521372"
    },
    {
      "type": "Feature",
      "properties": {
        "@id": "node/8272521373",
        "name": "Eks Stasiun Srono",
        "operational_status": "closed",
        "public_transport": "station",
        "railway": "station",
        "train": "yes",
        "wikidata": "Q61360141",
        "wikipedia": "id:Stasiun Srono"
      },
      "geometry": {
        "type": "Point",
        "coordinates": [
          114.2639414,
          -8.4015338
        ]
      },
      "id": "node/8272521373"
    },
    {
      "type": "Feature",
      "properties": {
        "@id": "node/9120108311",
        "alt_name": "Stasiun Tonjong Baru",
        "ele": "4",
        "name": "Tonjong Baru",
        "network": "KAI Commuter",
        "network:wikidata": "Q12501611",
        "operator": "PT Kereta Api Indonesia",
        "public_transport": "station",
        "railway": "station",
        "railway:ref": "TOJ",
        "train": "yes",
        "wikidata": "Q12516359",
        "wikipedia": "id:Stasiun Tonjong Baru"
      },
      "geometry": {
        "type": "Point",
        "coordinates": [
          106.1214599,
          -6.0312959
        ]
      },
      "id": "node/9120108311"
    },
    {
      "type": "Feature",
      "properties": {
        "@id": "node/9155303920",
        "ele": "22",
        "name": "Yogyakarta International Airport",
        "name:en": "Yogyakarta International Airport",
        "name:id": "Bandara Internasional Yogyakarta",
        "name:zh": "日惹国际机场",
        "network": "KAI Bandara",
        "network:wikidata": "Q19752643",
        "public_transport": "station",
        "railway": "station",
        "railway:ref": "YIA",
        "train": "yes",
        "wikidata": "Q109433368",
        "wikipedia": "id:Stasiun Yogyakarta International Airport"
      },
      "geometry": {
        "type": "Point",
        "coordinates": [
          110.0613237,
          -7.8974417
        ]
      },
      "id": "node/9155303920"
    },
    {
      "type": "Feature",
      "properties": {
        "@id": "node/9161996466",
        "alt_name": "Stasiun Cipunegara",
        "ele": "21",
        "name": "Cipunegara",
        "network": "KAI",
        "network:wikidata": "Q2745027",
        "operator": "PT Kereta Api Indonesia",
        "operator:website": "https://www.kai.id",
        "operator:wikidata": "Q2745027",
        "public_transport": "station",
        "railway": "station",
        "railway:ref": "CRA",
        "train": "yes",
        "wikidata": "Q2324762",
        "wikipedia": "id:Stasiun Cipunegara"
      },
      "geometry": {
        "type": "Point",
        "coordinates": [
          107.8830336,
          -6.4552753
        ]
      },
      "id": "node/9161996466"
    },
    {
      "type": "Feature",
      "properties": {
        "@id": "node/9161996467",
        "alt_name": "Stasiun Tanjungrasa",
        "ele": "35",
        "name": "Tanjungrasa",
        "network": "KAI",
        "network:wikidata": "Q2745027",
        "operator": "PT Kereta Api Indonesia",
        "operator:website": "https://www.kai.id",
        "operator:wikidata": "Q2745027",
        "public_transport": "station",
        "railway": "station",
        "railway:ref": "TJS",
        "train": "yes",
        "wikidata": "Q780393",
        "wikipedia": "id:Stasiun Tanjungrasa"
      },
      "geometry": {
        "type": "Point",
        "coordinates": [
          107.5406592,
          -6.4085093
        ]
      },
      "id": "node/9161996467"
    },
    {
      "type": "Feature",
      "properties": {
        "@id": "node/9161996468",
        "alt_name": "Stasiun Pabuaran",
        "ele": "28",
        "name": "Pabuaran",
        "network": "KAI",
        "network:wikidata": "Q2745027",
        "operator": "PT Kereta Api Indonesia",
        "operator:website": "https://www.kai.id",
        "operator:wikidata": "Q2745027",
        "public_transport": "station",
        "railway": "station",
        "railway:ref": "PAB",
        "train": "yes",
        "wikidata": "Q2071122",
        "wikipedia": "id:Stasiun Pabuaran"
      },
      "geometry": {
        "type": "Point",
        "coordinates": [
          107.5840128,
          -6.4090707
        ]
      },
      "id": "node/9161996468"
    },
    {
      "type": "Feature",
      "properties": {
        "@id": "node/9161996469",
        "alt_name": "Stasiun Pasirbungur",
        "ele": "33",
        "name": "Pasirbungur",
        "network": "KAI",
        "network:wikidata": "Q2745027",
        "operator": "PT Kereta Api Indonesia",
        "operator:website": "https://www.kai.id",
        "operator:wikidata": "Q2745027",
        "public_transport": "station",
        "railway": "station",
        "railway:ref": "PAS",
        "train": "yes"
      },
      "geometry": {
        "type": "Point",
        "coordinates": [
          107.6885456,
          -6.4262913
        ]
      },
      "id": "node/9161996469"
    },
    {
      "type": "Feature",
      "properties": {
        "@id": "node/9161996470",
        "alt_name": "Stasiun Cikaum",
        "ele": "35",
        "name": "Cikaum",
        "network": "KAI",
        "network:wikidata": "Q2745027",
        "operator": "PT Kereta Api Indonesia",
        "operator:website": "https://www.kai.id",
        "operator:wikidata": "Q2745027",
        "public_transport": "station",
        "railway": "station",
        "railway:ref": "CKM",
        "train": "yes",
        "wikidata": "Q2042987",
        "wikipedia": "id:Stasiun Cikaum"
      },
      "geometry": {
        "type": "Point",
        "coordinates": [
          107.7395658,
          -6.4354394
        ]
      },
      "id": "node/9161996470"
    },
    {
      "type": "Feature",
      "properties": {
        "@id": "node/9167208014",
        "alt_name": "Stasiun Krenceng",
        "ele": "17",
        "name": "Krenceng",
        "network": "KAI Commuter",
        "network:wikidata": "Q12501611",
        "operator": "PT Kereta Api Indonesia (Persero)",
        "public_transport": "station",
        "railway": "station",
        "railway:ref": "KEN",
        "train": "yes",
        "wikidata": "Q19741067",
        "wikipedia": "id:Stasiun Krenceng"
      },
      "geometry": {
        "type": "Point",
        "coordinates": [
          106.0231173,
          -6.0098243
        ]
      },
      "id": "node/9167208014"
    },
    {
      "type": "Feature",
      "properties": {
        "@id": "node/9201422030",
        "ele": "19",
        "name": "Tambun",
        "name:en": "Tambun",
        "name:id": "Tambun",
        "network": "KAI Commuter",
        "network:wikidata": "Q12501611",
        "operator": "PT Kereta Api Indonesia",
        "operator:website": "https://www.kai.id",
        "operator:wikidata": "Q2745027",
        "public_transport": "station",
        "railway": "station",
        "railway:ref": "TB",
        "train": "yes",
        "wheelchair": "limited",
        "wikidata": "Q1954222",
        "wikipedia": "en:Tambun railway station"
      },
      "geometry": {
        "type": "Point",
        "coordinates": [
          107.0558044,
          -6.2585496
        ]
      },
      "id": "node/9201422030"
    },
    {
      "type": "Feature",
      "properties": {
        "@id": "node/9201422096",
        "alt_name": "Poris Plawad",
        "name": "Batu Ceper",
        "name:th": "บาตูเจเปร์",
        "network": "KAI Commuter",
        "network:wikidata": "Q12501611",
        "operator": "PT KAI",
        "public_transport": "station",
        "railway": "station",
        "train": "yes",
        "wikidata": "Q19740836",
        "wikipedia": "id:Stasiun Batu Ceper"
      },
      "geometry": {
        "type": "Point",
        "coordinates": [
          106.6652866,
          -6.1720268
        ]
      },
      "id": "node/9201422096"
    },
    {
      "type": "Feature",
      "properties": {
        "@id": "node/9335291125",
        "name": "Jatake",
        "network": "KAI Commuter",
        "network:wikidata": "Q12501611",
        "operator": "PT Kereta Api Indonesia",
        "platforms": "2",
        "public_transport": "station",
        "railway": "station",
        "train": "yes",
        "wikidata": "Q134393417",
        "wikipedia": "id:Stasiun Jatake"
      },
      "geometry": {
        "type": "Point",
        "coordinates": [
          106.6066128,
          -6.3349941
        ]
      },
      "id": "node/9335291125"
    },
    {
      "type": "Feature",
      "properties": {
        "@id": "node/9794787443",
        "alt_name": "Stasiun Bogor Paledang",
        "ele": "246",
        "name": "Bogor Paledang",
        "network": "KAI",
        "network:wikidata": "Q2745027",
        "operator": "PT Kereta Api Indonesia",
        "operator:website": "https://www.kai.id",
        "operator:wikidata": "Q2745027",
        "public_transport": "station",
        "railway": "station",
        "railway:ref": "BOP",
        "train": "yes",
        "wikidata": "Q19741175",
        "wikipedia": "id:Stasiun Bogor Paledang"
      },
      "geometry": {
        "type": "Point",
        "coordinates": [
          106.7906486,
          -6.5978118
        ]
      },
      "id": "node/9794787443"
    },
    {
      "type": "Feature",
      "properties": {
        "@id": "node/9831350426",
        "ele": "272",
        "name": "Kalisetail",
        "network": "KAI",
        "network:wikidata": "Q2745027",
        "public_transport": "station",
        "railway": "station",
        "railway:ref": "KSL",
        "train": "yes",
        "wikidata": "Q2805451",
        "wikipedia": "id:Stasiun Kalisetail"
      },
      "geometry": {
        "type": "Point",
        "coordinates": [
          114.139772,
          -8.30277
        ]
      },
      "id": "node/9831350426"
    },
    {
      "type": "Feature",
      "properties": {
        "@id": "node/9831978057",
        "disused:railway": "station",
        "name": "Eks Stasiun Dadapan",
        "public_transport": "station",
        "train": "yes",
        "wikidata": "Q19740924",
        "wikipedia": "id:Stasiun Dadapan"
      },
      "geometry": {
        "type": "Point",
        "coordinates": [
          114.3431605,
          -8.2517917
        ]
      },
      "id": "node/9831978057"
    },
    {
      "type": "Feature",
      "properties": {
        "@id": "node/10313607697",
        "ele": "25",
        "name": "Walantaka",
        "network": "KAI Commuter",
        "network:wikidata": "Q12501611",
        "operator": "PT Kereta Api Indonesia",
        "public_transport": "station",
        "railway": "station",
        "railway:ref": "WLT",
        "train": "yes",
        "wikidata": "Q19741317",
        "wikipedia": "id:Stasiun Walantaka"
      },
      "geometry": {
        "type": "Point",
        "coordinates": [
          106.2187374,
          -6.1554826
        ]
      },
      "id": "node/10313607697"
    },
    {
      "type": "Feature",
      "properties": {
        "@id": "node/10313607706",
        "ele": "17",
        "name": "Serang",
        "network": "KAI Commuter",
        "network:wikidata": "Q12501611",
        "operator": "KAI Commuter",
        "public_transport": "station",
        "railway": "station",
        "railway:ref": "SG",
        "train": "yes",
        "wikidata": "Q3365071",
        "wikipedia": "id:Stasiun Serang"
      },
      "geometry": {
        "type": "Point",
        "coordinates": [
          106.1586822,
          -6.112294
        ]
      },
      "id": "node/10313607706"
    },
    {
      "type": "Feature",
      "properties": {
        "@id": "node/10693460259",
        "addr:city": "West Bandung Regency",
        "addr:postcode": "40553",
        "addr:street": "Jalan Stasiun Padalarang",
        "alt_name": "Stasiun Padalarang",
        "ele": "695",
        "image": "https://telusuri.id/wp-content/uploads/2023/11/1PD_Stasiun-KCIC-Djoko.jpg",
        "internet_access": "yes",
        "name": "Padalarang",
        "name:az": "Padalaranq",
        "name:en": "Padalarang",
        "name:es": "Padalarang",
        "name:ja": "パダララン",
        "name:ka": "ფადალარანგ",
        "name:pt": "Padalarang",
        "name:tk": "Padalaraň",
        "name:tr": "Padalarang",
        "network": "KAI/KCIC",
        "network:wikidata": "Q2745027;Q16999865",
        "note": "Padalarang HSR dan Padalarang KAI dapat dianggap sebagai satu stasiun yang melayani dua jenis jalur kereta api",
        "operator": "PT Kereta Api Indonesia dan PT Kereta Cepat Indonesia China",
        "operator:website": "https://www.kai.id",
        "operator:wikidata": "Q2745027;Q25469946",
        "public_transport": "station",
        "railway": "station",
        "railway:ref": "PDL",
        "train": "yes",
        "wikidata": "Q2045460",
        "wikipedia": "id:Stasiun Padalarang"
      },
      "geometry": {
        "type": "Point",
        "coordinates": [
          107.4969093,
          -6.8422655
        ]
      },
      "id": "node/10693460259"
    },
    {
      "type": "Feature",
      "properties": {
        "@id": "node/10693460260",
        "addr:city": "West Bandung Regency",
        "addr:postcode": "40552",
        "alt_name": "Halte Gadobangkong",
        "ele": "695",
        "name": "Gadobangkong",
        "network": "KAI Commuter",
        "network:wikidata": "Q12501611",
        "operator": "Kereta Api Indonesia",
        "operator:website": "https://www.kai.id",
        "operator:wikidata": "Q2745027",
        "public_transport": "station",
        "railway": "station",
        "railway:ref": "GK",
        "train": "yes",
        "wheelchair": "no",
        "wikidata": "Q19740943",
        "wikipedia": "id:Stasiun Gadobangkong"
      },
      "geometry": {
        "type": "Point",
        "coordinates": [
          107.5151988,
          -6.8646744
        ]
      },
      "id": "node/10693460260"
    },
    {
      "type": "Feature",
      "properties": {
        "@id": "node/10693460263",
        "addr:city": "Bandung",
        "addr:postcode": "40184",
        "alt_name": "Stasiun Cimindi",
        "ele": "736",
        "name": "Cimindi",
        "network": "KAI Commuter",
        "network:wikidata": "Q12501611",
        "operator": "PT Kereta Api Indonesia",
        "operator:website": "https://www.kai.id",
        "operator:wikidata": "Q2745027",
        "public_transport": "station",
        "railway": "station",
        "railway:ref": "CMD",
        "train": "yes",
        "wikidata": "Q12516242",
        "wikipedia": "id:Stasiun Cimindi"
      },
      "geometry": {
        "type": "Point",
        "coordinates": [
          107.561158,
          -6.8961097
        ]
      },
      "id": "node/10693460263"
    },
    {
      "type": "Feature",
      "properties": {
        "@id": "node/10693460292",
        "addr:city": "Bandung City",
        "ele": "709",
        "name": "Ciroyom",
        "network": "KAI Commuter",
        "network:wikidata": "Q12501611",
        "operator": "PT Kereta Api Indonesia",
        "operator:website": "https://www.kai.id",
        "operator:wikidata": "Q2745027",
        "public_transport": "station",
        "railway": "station",
        "railway:ref": "CIR",
        "train": "yes",
        "wikidata": "Q3944662",
        "wikipedia": "en:Ciroyom railway station"
      },
      "geometry": {
        "type": "Point",
        "coordinates": [
          107.5903057,
          -6.9140149
        ]
      },
      "id": "node/10693460292"
    },
    {
      "type": "Feature",
      "properties": {
        "@id": "node/10693460294",
        "addr:city": "Bandung",
        "addr:housenumber": "43",
        "addr:postcode": "40181",
        "addr:street": "Jalan Kebon Kawung",
        "alt_name": "Stasiun Bandung;Stasiun Bandung Hall;Bandung Hall",
        "ele": "709",
        "name": "Bandung",
        "name:ja": "バンドン",
        "network": "KAI",
        "network:wikidata": "Q2745027",
        "operator": "PT Kereta Api Indonesia",
        "operator:website": "https://www.kai.id",
        "operator:wikidata": "Q2745027",
        "public_transport": "station",
        "railway": "station",
        "railway:ref": "BD",
        "toilets:wheelchair": "yes",
        "train": "yes",
        "wheelchair": "limited",
        "wikidata": "Q2571158",
        "wikipedia": "id:Stasiun Bandung"
      },
      "geometry": {
        "type": "Point",
        "coordinates": [
          107.6021243,
          -6.914258
        ]
      },
      "id": "node/10693460294"
    },
    {
      "type": "Feature",
      "properties": {
        "@id": "node/10693460296",
        "addr:city": "Bandung",
        "addr:street": "Kembang Sapatu",
        "alt_name": "Stasiun Cikudapateuh",
        "ele": "691",
        "name": "Cikudapateuh",
        "network": "KAI Commuter",
        "network:wikidata": "Q12501611",
        "operator": "PT Kereta Api Indonesia",
        "operator:website": "https://www.kai.id",
        "operator:wikidata": "Q2745027",
        "public_transport": "station",
        "railway": "station",
        "railway:ref": "CTH",
        "train": "yes",
        "wheelchair": "no",
        "wikidata": "Q12516239",
        "wikipedia": "id:Stasiun Cikudapateuh"
      },
      "geometry": {
        "type": "Point",
        "coordinates": [
          107.6260505,
          -6.9188047
        ]
      },
      "id": "node/10693460296"
    },
    {
      "type": "Feature",
      "properties": {
        "@id": "node/10693478234",
        "addr:city": "Bandung Regency",
        "addr:postcode": "40394",
        "alt_name": "Stasiun Rancaekek",
        "ele": "668",
        "name": "Rancaekek",
        "network": "KAI Commuter",
        "network:wikidata": "Q12501611",
        "operator": "PT Kereta Api Indonesia",
        "operator:website": "https://www.kai.id",
        "operator:wikidata": "Q2745027",
        "public_transport": "station",
        "railway": "station",
        "railway:ref": "RCK",
        "train": "yes",
        "wikidata": "Q2791772",
        "wikipedia": "id:Stasiun Rancaekek"
      },
      "geometry": {
        "type": "Point",
        "coordinates": [
          107.7559578,
          -6.9648801
        ]
      },
      "id": "node/10693478234"
    },
    {
      "type": "Feature",
      "properties": {
        "@id": "node/11179200351",
        "construction:railway": "station",
        "light_rail": "yes",
        "name": "Manggarai",
        "network": "LRT Jakarta",
        "note": "Do not add railway=station and/or public_transport=station tags before operational service",
        "operator": "PT LRT Jakarta",
        "public_transport": "station",
        "railway": "construction",
        "station": "light_rail",
        "train": "yes"
      },
      "geometry": {
        "type": "Point",
        "coordinates": [
          106.8456476,
          -6.2086431
        ]
      },
      "id": "node/11179200351"
    },
    {
      "type": "Feature",
      "properties": {
        "@id": "node/11179200352",
        "check_date": "2023-10-30",
        "construction:railway": "station",
        "light_rail": "yes",
        "name": "Matraman",
        "network": "LRT Jakarta",
        "note": "Do not add railway=station and/or public_transport=station tags before operational service",
        "operator": "PT LRT Jakarta",
        "public_transport": "station",
        "railway": "stop",
        "start_date": "2026",
        "station": "light_rail",
        "train": "yes"
      },
      "geometry": {
        "type": "Point",
        "coordinates": [
          106.8501212,
          -6.2021671
        ]
      },
      "id": "node/11179200352"
    },
    {
      "type": "Feature",
      "properties": {
        "@id": "node/11179200353",
        "check_date": "2023-10-30",
        "construction:railway": "station",
        "light_rail": "yes",
        "name": "Pasar Pramuka",
        "network": "LRT Jakarta",
        "note": "Do not add railway=station and/or public_transport=station tags before operational service",
        "operator": "PT LRT Jakarta",
        "public_transport": "station",
        "railway": "construction",
        "start_date": "2026",
        "station": "light_rail",
        "train": "yes"
      },
      "geometry": {
        "type": "Point",
        "coordinates": [
          106.8588799,
          -6.195812
        ]
      },
      "id": "node/11179200353"
    },
    {
      "type": "Feature",
      "properties": {
        "@id": "node/11179200354",
        "check_date": "2023-10-30",
        "construction:railway": "station",
        "light_rail": "yes",
        "name": "Pramuka",
        "network": "LRT Jakarta",
        "note": "Do not add railway=station and/or public_transport=station tags before operational service",
        "operator": "PT LRT Jakarta",
        "public_transport": "station",
        "railway": "construction",
        "start_date": "2026",
        "station": "light_rail",
        "train": "yes"
      },
      "geometry": {
        "type": "Point",
        "coordinates": [
          106.870889,
          -6.1920001
        ]
      },
      "id": "node/11179200354"
    },
    {
      "type": "Feature",
      "properties": {
        "@id": "node/11179200355",
        "construction:railway": "station",
        "light_rail": "yes",
        "name": "Rawamangun",
        "network": "LRT Jakarta",
        "network:wikidata": "Jakarta LRT",
        "note": "Do not add railway=station and/or public_transport=station tags before operational service",
        "operator": "LRT Jakarta",
        "public_transport": "station",
        "railway": "construction",
        "station": "light_rail",
        "train": "yes",
        "wikidata": "Q20579482"
      },
      "geometry": {
        "type": "Point",
        "coordinates": [
          106.8825053,
          -6.1931386
        ]
      },
      "id": "node/11179200355"
    },
    {
      "type": "Feature",
      "properties": {
        "@id": "node/11185037567",
        "alt_name": "Stasiun Cikarang",
        "ele": "18",
        "name": "Cikarang",
        "name:en": "Cikarang",
        "name:id": "Cikarang",
        "name:ja": "チカラン",
        "network": "KAI",
        "network:wikidata": "Q2745027",
        "operator": "PT Kereta Api Indonesia",
        "operator:website": "https://www.kai.id",
        "operator:wikidata": "Q2745027",
        "public_transport": "station",
        "railway": "station",
        "railway:ref": "CKR",
        "train": "yes",
        "wikidata": "Q3337989",
        "wikipedia": "id:Stasiun Cikarang"
      },
      "geometry": {
        "type": "Point",
        "coordinates": [
          107.1450733,
          -6.2553138
        ]
      },
      "id": "node/11185037567"
    },
    {
      "type": "Feature",
      "properties": {
        "@id": "node/11201927617",
        "addr:city": "DKI Jakarta",
        "alt_name": "Stasiun Bojong Indah",
        "name": "Bojong Indah",
        "name:th": "โบจงอินดะฮ์",
        "network": "KAI Commuter",
        "network:wikidata": "Q12501611",
        "operator": "PT Kereta Api Indonesia",
        "public_transport": "station",
        "railway": "station",
        "ref": "BOI",
        "train": "yes",
        "wikidata": "Q19740874",
        "wikipedia": "id:Stasiun Bojong Indah"
      },
      "geometry": {
        "type": "Point",
        "coordinates": [
          106.7361338,
          -6.1602142
        ]
      },
      "id": "node/11201927617"
    },
    {
      "type": "Feature",
      "properties": {
        "@id": "node/11290494430",
        "alt_name": "Stasiun Banjar",
        "ele": "32",
        "name": "Banjar",
        "network": "KAI",
        "network:wikidata": "Q2745027",
        "operator": "PT Kereta Api Indonesia",
        "operator:website": "https://www.kai.id",
        "operator:wikidata": "Q2745027",
        "public_transport": "station",
        "railway": "station",
        "railway:ref": "BJR",
        "train": "yes",
        "wikidata": "Q2147943",
        "wikipedia": "en:Banjar railway station"
      },
      "geometry": {
        "type": "Point",
        "coordinates": [
          108.5423345,
          -7.3762326
        ]
      },
      "id": "node/11290494430"
    },
    {
      "type": "Feature",
      "properties": {
        "@id": "node/11297670240",
        "disused:railway": "station",
        "name": "Eks Stasiun Parakan",
        "public_transport": "station",
        "train": "yes",
        "wikidata": "Q19741181",
        "wikipedia": "id:Stasiun Parakan"
      },
      "geometry": {
        "type": "Point",
        "coordinates": [
          110.1067742,
          -7.2827759
        ]
      },
      "id": "node/11297670240"
    },
    {
      "type": "Feature",
      "properties": {
        "@id": "node/11738786421",
        "addr:district": "Karawang",
        "addr:postcode": "41371",
        "addr:province": "Jawa Barat",
        "addr:subdistrict": "Anggadita",
        "alt_name": "Stasiun Klari",
        "ele": "23",
        "name": "Klari",
        "name:en": "Klari",
        "name:id": "Klari",
        "network": "KAI Commuter",
        "network:wikidata": "Q12501611",
        "operator": "PT Kereta Api Indonesia",
        "operator:website": "https://www.kai.id",
        "operator:wikidata": "Q2745027",
        "public_transport": "station",
        "railway": "station",
        "railway:ref": "KLI",
        "train": "yes",
        "wheelchair": "no",
        "wikidata": "Q2530793",
        "wikipedia": "id:Stasiun Klari"
      },
      "geometry": {
        "type": "Point",
        "coordinates": [
          107.3453729,
          -6.349852
        ]
      },
      "id": "node/11738786421"
    },
    {
      "type": "Feature",
      "properties": {
        "@id": "node/11778639768",
        "ele": "205",
        "name": "Pogajih",
        "network": "KAI Commuter",
        "network:wikidata": "Q12501611",
        "public_transport": "station",
        "railway": "station",
        "railway:ref": "PGJ",
        "train": "yes",
        "wikidata": "Q12516319",
        "wikipedia": "id:Stasiun Pogajih"
      },
      "geometry": {
        "type": "Point",
        "coordinates": [
          112.4202271,
          -8.1571039
        ]
      },
      "id": "node/11778639768"
    },
    {
      "type": "Feature",
      "properties": {
        "@id": "node/11778643372",
        "ele": "296",
        "name": "Sumberpucung",
        "network": "KAI",
        "network:wikidata": "Q2745027",
        "public_transport": "station",
        "railway": "station",
        "railway:ref": "SBP",
        "railway:station_category": "3",
        "train": "yes",
        "wikidata": "Q2086473",
        "wikipedia": "id:Stasiun Sumberpucung"
      },
      "geometry": {
        "type": "Point",
        "coordinates": [
          112.4783853,
          -8.1583677
        ]
      },
      "id": "node/11778643372"
    },
    {
      "type": "Feature",
      "properties": {
        "@id": "node/11783860991",
        "ele": "9",
        "name": "Sepanjang",
        "network": "KAI Commuter",
        "network:wikidata": "Q12501611",
        "public_transport": "station",
        "railway": "station",
        "railway:ref": "SPJ",
        "train": "yes",
        "wheelchair": "limited",
        "wikidata": "Q12516339",
        "wikipedia": "id:Stasiun Sepanjang"
      },
      "geometry": {
        "type": "Point",
        "coordinates": [
          112.6983661,
          -7.3469403
        ]
      },
      "id": "node/11783860991"
    },
    {
      "type": "Feature",
      "properties": {
        "@id": "node/11883136901",
        "addr:city": "Sukoharjo",
        "addr:district": "Sukoharjo",
        "addr:postcode": "57514",
        "addr:province": "Jawa Tengah",
        "addr:subdistrict": "Gayam",
        "ele": "98",
        "name": "Sukoharjo",
        "network": "KAI",
        "network:wikidata": "Q2745027",
        "public_transport": "station",
        "railway": "station",
        "railway:ref": "SKH",
        "train": "yes",
        "wikidata": "Q4576737",
        "wikipedia": "id:Stasiun Sukoharjo"
      },
      "geometry": {
        "type": "Point",
        "coordinates": [
          110.8433721,
          -7.6797595
        ]
      },
      "id": "node/11883136901"
    },
    {
      "type": "Feature",
      "properties": {
        "@id": "node/11885868381",
        "addr:city": "Sleman",
        "addr:district": "Depok",
        "addr:postcode": "55282",
        "addr:province": "Daerah Istimewa Yogyakarta",
        "addr:street": "Jalan Bandara Adisucipto",
        "addr:subdistrict": "Maguwoharjo",
        "ele": "118",
        "name": "Maguwo",
        "network": "KAI Commuter",
        "network:wikidata": "Q12501611",
        "operator": "PT Kereta Commuter Indonesia",
        "public_transport": "station",
        "railway": "station",
        "railway:ref": "MGW",
        "train": "yes",
        "wikidata": "Q14386672",
        "wikipedia": "id:Stasiun Maguwo"
      },
      "geometry": {
        "type": "Point",
        "coordinates": [
          110.4369156,
          -7.7850944
        ]
      },
      "id": "node/11885868381"
    },
    {
      "type": "Feature",
      "properties": {
        "@id": "node/12001790865",
        "addr:city": "Kabupaten Cirebon",
        "addr:district": "Arjawinangun",
        "addr:postcode": "45162",
        "addr:province": "Jawa Barat",
        "addr:street": "Jalan Stasiun Arjawinangun",
        "addr:subdistrict": "Jungjang",
        "air_conditioning": "no",
        "alt_name": "Stasiun Arjawinangun",
        "ele": "8",
        "name": "Arjawinangun",
        "network": "KAI",
        "network:wikidata": "Q2745027",
        "opening_hours": "24/7",
        "operator": "PT Kereta Api Indonesia",
        "operator:website": "https://www.kai.id",
        "operator:wikidata": "Q2745027",
        "public_transport": "station",
        "railway": "station",
        "railway:ref": "AWN",
        "train": "yes",
        "wikidata": "Q2431948",
        "wikipedia": "id:Stasiun Arjawinangun"
      },
      "geometry": {
        "type": "Point",
        "coordinates": [
          108.4145647,
          -6.6445325
        ]
      },
      "id": "node/12001790865"
    },
    {
      "type": "Feature",
      "properties": {
        "@id": "node/12001790866",
        "alt_name": "Stasiun Babakan",
        "ele": "12",
        "name": "Babakan",
        "network": "KAI",
        "network:wikidata": "Q2745027",
        "old_name": "Stasiun Nieuw Tersana;Nieuw Tersana",
        "operator": "PT Kereta Api Indonesia",
        "operator:website": "https://www.kai.id",
        "operator:wikidata": "Q2745027",
        "public_transport": "station",
        "railway": "station",
        "railway:ref": "BBK",
        "train": "yes",
        "wikidata": "Q2795289",
        "wikipedia": "id:Stasiun Babakan"
      },
      "geometry": {
        "type": "Point",
        "coordinates": [
          108.7187279,
          -6.8605246
        ]
      },
      "id": "node/12001790866"
    },
    {
      "type": "Feature",
      "properties": {
        "@id": "node/12001790867",
        "alt_name": "Stasiun Cianjur",
        "ele": "439",
        "name": "Cianjur",
        "name:id": "Cianjur",
        "name:zh": "展玉",
        "network": "KAI",
        "network:wikidata": "Q2745027",
        "operator": "PT Kereta Api Indonesia",
        "operator:website": "https://www.kai.id",
        "operator:wikidata": "Q2745027",
        "public_transport": "station",
        "railway": "station",
        "railway:ref": "CJ",
        "train": "yes",
        "wikidata": "Q12516233",
        "wikipedia": "en:Cianjur railway station"
      },
      "geometry": {
        "type": "Point",
        "coordinates": [
          107.1426417,
          -6.8245938
        ]
      },
      "id": "node/12001790867"
    },
    {
      "type": "Feature",
      "properties": {
        "@id": "node/12001817641",
        "alt_name": "Stasiun Sukabumi",
        "ele": "584",
        "name": "Sukabumi",
        "name:id": "Sukabumi",
        "name:zh": "蘇甲巫眉",
        "network": "KAI",
        "network:wikidata": "Q2745027",
        "operator": "PT Kereta Api Indonesia",
        "operator:website": "https://www.kai.id",
        "operator:wikidata": "Q2745027",
        "public_transport": "station",
        "railway": "station",
        "railway:ref": "SI",
        "train": "yes",
        "wikidata": "Q2753694",
        "wikipedia": "id:Stasiun Sukabumi"
      },
      "geometry": {
        "type": "Point",
        "coordinates": [
          106.9296231,
          -6.9249713
        ]
      },
      "id": "node/12001817641"
    },
    {
      "type": "Feature",
      "properties": {
        "@id": "node/12001817642",
        "alt_name": "Stasiun Cicurug",
        "ele": "478",
        "name": "Cicurug",
        "network": "KAI",
        "network:wikidata": "Q2745027",
        "operator": "PT Kereta Api Indonesia",
        "operator:website": "https://www.kai.id",
        "operator:wikidata": "Q2745027",
        "public_transport": "station",
        "railway": "station",
        "railway:ref": "CCR",
        "train": "yes",
        "wikidata": "Q3915476",
        "wikipedia": "id:Stasiun Cicurug"
      },
      "geometry": {
        "type": "Point",
        "coordinates": [
          106.7797692,
          -6.7901148
        ]
      },
      "id": "node/12001817642"
    },
    {
      "type": "Feature",
      "properties": {
        "@id": "node/12032622389",
        "addr:city": "Yogyakarta",
        "addr:district": "Danurejan",
        "addr:postcode": "55212\t55212",
        "addr:province": "Daerah Istimewa Yogyakarta",
        "addr:street": "Jalan Lempuyangan",
        "addr:subdistrict": "Bausasran",
        "baby_feeding": "room",
        "ele": "114",
        "name": "Lempuyangan",
        "network": "KAI",
        "network:wikidata": "Q2745027",
        "operator": "PT. Kereta Api Indonesia",
        "public_transport": "station",
        "railway": "station",
        "railway:ref": "LPN",
        "train": "yes",
        "wikidata": "Q2168371",
        "wikipedia": "id:Stasiun Lempuyangan"
      },
      "geometry": {
        "type": "Point",
        "coordinates": [
          110.3755214,
          -7.7902916
        ]
      },
      "id": "node/12032622389"
    },
    {
      "type": "Feature",
      "properties": {
        "@id": "node/12035065368",
        "addr:city": "Yogyakarta",
        "addr:district": "Gedongtengen",
        "addr:postcode": "55271",
        "addr:province": "Daerah Istimewa Yogyakarta",
        "addr:street": "Jalan Pasar Kembang",
        "addr:subdistrict": "Sosromenduran",
        "alt_name": "Tugu",
        "ele": "113",
        "internet_access": "no",
        "name": "Yogyakarta",
        "name:zh": "日惹",
        "network": "KAI",
        "network:wikidata": "Q2745027",
        "operator": "PT Kereta Api Indonesia",
        "public_transport": "station",
        "railway": "station",
        "railway:ref": "YK",
        "train": "yes",
        "wheelchair": "yes",
        "wikidata": "Q2457850",
        "wikipedia": "id:Stasiun Yogyakarta"
      },
      "geometry": {
        "type": "Point",
        "coordinates": [
          110.3634648,
          -7.7892387
        ]
      },
      "id": "node/12035065368"
    },
    {
      "type": "Feature",
      "properties": {
        "@id": "node/12035083574",
        "addr:district": "Serang",
        "addr:province": "Banten",
        "addr:subdistrict": "Cikeusal",
        "ele": "35",
        "name": "Cikeusal",
        "network": "KAI Commuter",
        "network:wikidata": "Q12501611",
        "operator": "KAI Commuter",
        "public_transport": "station",
        "railway": "station",
        "railway:ref": "CKL",
        "train": "yes",
        "wikidata": "Q12516238",
        "wikipedia": "id:Stasiun Cikeusal"
      },
      "geometry": {
        "type": "Point",
        "coordinates": [
          106.2446148,
          -6.2170575
        ]
      },
      "id": "node/12035083574"
    },
    {
      "type": "Feature",
      "properties": {
        "@id": "node/12035137736",
        "addr:district": "Lebak",
        "addr:province": "Banten",
        "addr:subdistrict": "Maja",
        "ele": "40",
        "name": "Maja",
        "network": "KAI Commuter",
        "network:wikidata": "Q12501611",
        "operator": "PT. KAI",
        "public_transport": "station",
        "railway": "station",
        "railway:ref": "MJ",
        "train": "yes",
        "wikidata": "Q15051583",
        "wikipedia": "id:Stasiun Maja"
      },
      "geometry": {
        "type": "Point",
        "coordinates": [
          106.3964794,
          -6.332503
        ]
      },
      "id": "node/12035137736"
    },
    {
      "type": "Feature",
      "properties": {
        "@id": "node/12035137991",
        "addr:city": "Tangerang",
        "addr:province": "Banten",
        "addr:subdistrict": "Benda",
        "name": "Bandara Soekarno-Hatta",
        "network": "KAI Commuter",
        "network:wikidata": "Q12501611",
        "note": "Karena berbeda jenis kereta api, dibuat dua titik stasiun berbeda walaupun bangunan stasiun terhubung.",
        "operator": "KAI Commuter",
        "public_transport": "station",
        "railway": "station",
        "train": "yes",
        "wikidata": "Q44368381",
        "wikipedia": "id:Stasiun Bandara Soekarno-Hatta"
      },
      "geometry": {
        "type": "Point",
        "coordinates": [
          106.6525156,
          -6.1272786
        ]
      },
      "id": "node/12035137991"
    },
    {
      "type": "Feature",
      "properties": {
        "@id": "node/12048382009",
        "addr:district": "Banyumas",
        "addr:province": "Jawa Tengah",
        "addr:street": "Jalan Pemuda",
        "addr:subdistrict": "Purwokerto Barat",
        "alt_name": "Stasiun Purwokerto",
        "ele": "75",
        "name": "Purwokerto",
        "name:id": "Purwokerto",
        "name:zh": "普禾加多",
        "network": "KAI",
        "network:wikidata": "Q2745027",
        "operator": "PT Kereta Api Indonesia",
        "operator:website": "https://www.kai.id",
        "operator:wikidata": "Q2745027",
        "public_transport": "station",
        "railway": "station",
        "railway:ref": "PWT",
        "train": "yes",
        "wikidata": "Q2161545",
        "wikipedia": "id:Stasiun Purwokerto"
      },
      "geometry": {
        "type": "Point",
        "coordinates": [
          109.2218425,
          -7.4194647
        ]
      },
      "id": "node/12048382009"
    },
    {
      "type": "Feature",
      "properties": {
        "@id": "node/12048382010",
        "ele": "285",
        "name": "Kretek",
        "network": "KAI",
        "network:wikidata": "Q2745027",
        "operator": "PT Kereta Api Indonesia",
        "operator:website": "https://www.kai.id",
        "operator:wikidata": "Q2745027",
        "public_transport": "station",
        "railway": "station",
        "railway:ref": "KRT",
        "train": "yes",
        "wikidata": "Q2798422",
        "wikipedia": "id:Stasiun Kretek"
      },
      "geometry": {
        "type": "Point",
        "coordinates": [
          109.0298934,
          -7.2856546
        ]
      },
      "id": "node/12048382010"
    },
    {
      "type": "Feature",
      "properties": {
        "@id": "node/12048382011",
        "alt_name": "Stasiun Ketanggungan",
        "ele": "15",
        "name": "Ketanggungan",
        "network": "KAI",
        "network:wikidata": "Q2745027",
        "operator": "PT Kereta Api Indonesia",
        "operator:website": "https://www.kai.id",
        "operator:wikidata": "Q2745027",
        "public_transport": "station",
        "railway": "station",
        "railway:ref": "KGG",
        "train": "yes",
        "wikidata": "Q679868",
        "wikipedia": "id:Stasiun Ketanggungan"
      },
      "geometry": {
        "type": "Point",
        "coordinates": [
          108.8843474,
          -6.9384259
        ]
      },
      "id": "node/12048382011"
    },
    {
      "type": "Feature",
      "properties": {
        "@id": "node/12061319392",
        "addr:city": "Ambarawa",
        "addr:district": "Ambarawa",
        "addr:province": "Jawa Tengah",
        "addr:street": "Temenggungan",
        "addr:subdistrict": "Panjang",
        "ele": "474.40",
        "name": "Ambarawa",
        "name:zh": "双胶汉",
        "old_name": "Willem I",
        "operator": "KAI Wisata",
        "public_transport": "station",
        "railway": "station",
        "railway:ref": "ABR",
        "tourism": "yes",
        "train": "yes",
        "wikidata": "Q1311742",
        "wikipedia": "en:Ambarawa Railway Museum"
      },
      "geometry": {
        "type": "Point",
        "coordinates": [
          110.4016937,
          -7.265508
        ]
      },
      "id": "node/12061319392"
    },
    {
      "type": "Feature",
      "properties": {
        "@id": "node/12062883924",
        "ele": "3",
        "name": "Semarang Poncol",
        "network": "KAI",
        "network:wikidata": "Q2745027",
        "operator": "PT Kereta Api Indonesia",
        "public_transport": "station",
        "railway": "station",
        "railway:ref": "SMC",
        "train": "yes",
        "wikidata": "Q2782742",
        "wikipedia": "id:Stasiun Semarang Poncol"
      },
      "geometry": {
        "type": "Point",
        "coordinates": [
          110.4146257,
          -6.9728706
        ]
      },
      "id": "node/12062883924"
    },
    {
      "type": "Feature",
      "properties": {
        "@id": "node/12072071338",
        "ele": "48",
        "name": "Karangsono",
        "network": "KAI",
        "network:wikidata": "Q2745027",
        "public_transport": "station",
        "railway": "station",
        "railway:ref": "KSO",
        "train": "yes",
        "wikidata": "Q19741033",
        "wikipedia": "id:Stasiun Karangsono"
      },
      "geometry": {
        "type": "Point",
        "coordinates": [
          110.8256483,
          -7.1963303
        ]
      },
      "id": "node/12072071338"
    },
    {
      "type": "Feature",
      "properties": {
        "@id": "node/12105567570",
        "addr:city": "Cilegon",
        "addr:district": "Pulomerak",
        "addr:postcode": "42438",
        "addr:province": "Banten",
        "addr:subdistrict": "Tamansari",
        "alt_name": "Stasiun Merak",
        "ele": "3",
        "name": "Merak",
        "network": "KAI Commuter",
        "network:wikidata": "Q12501611",
        "operator": "PT Kereta Api Indonesia",
        "public_transport": "station",
        "railway": "station",
        "railway:ref": "MER",
        "train": "yes",
        "wikidata": "Q12516305",
        "wikimedia_commons": "File:Stasiun Merak Depan.jpg",
        "wikipedia": "id:Stasiun Merak"
      },
      "geometry": {
        "type": "Point",
        "coordinates": [
          105.9967938,
          -5.9302409
        ]
      },
      "id": "node/12105567570"
    },
    {
      "type": "Feature",
      "properties": {
        "@id": "node/12148139290",
        "addr:city": "Wates",
        "ele": "18",
        "name": "Wates",
        "network": "KAI",
        "network:wikidata": "Q2745027",
        "operator": "Kereta Api Indonesia",
        "public_transport": "station",
        "railway": "station",
        "railway:ref": "WT",
        "train": "yes",
        "wheelchair": "yes",
        "wikidata": "Q2259849",
        "wikipedia": "id:Stasiun Wates"
      },
      "geometry": {
        "type": "Point",
        "coordinates": [
          110.1576295,
          -7.8594893
        ]
      },
      "id": "node/12148139290"
    },
    {
      "type": "Feature",
      "properties": {
        "@id": "node/12165656405",
        "ele": "2",
        "name": "Semarang Tawang",
        "network": "KAI",
        "network:wikidata": "Q2745027",
        "operator": "PT Kereta Api Indonesia",
        "public_transport": "station",
        "railway": "station",
        "railway:ref": "SMT",
        "source": "HOT_InAWARESurvey_2018",
        "train": "yes",
        "wheelchair": "yes",
        "wikidata": "Q2836773",
        "wikipedia": "id:Stasiun Semarang Tawang"
      },
      "geometry": {
        "type": "Point",
        "coordinates": [
          110.4276825,
          -6.9641479
        ]
      },
      "id": "node/12165656405"
    },
    {
      "type": "Feature",
      "properties": {
        "@id": "node/12168399225",
        "ele": "74",
        "name": "Goprak",
        "network": "KAI",
        "network:wikidata": "Q2745027",
        "public_transport": "station",
        "railway": "station",
        "railway:ref": "GPK",
        "train": "yes",
        "wikidata": "Q2132953",
        "wikipedia": "id:Stasiun Goprak"
      },
      "geometry": {
        "type": "Point",
        "coordinates": [
          110.8971904,
          -7.2728727
        ]
      },
      "id": "node/12168399225"
    },
    {
      "type": "Feature",
      "properties": {
        "@id": "node/12189448986",
        "addr:city": "Grobogan",
        "addr:postcode": "58164",
        "ele": "11",
        "name": "Gubug",
        "network": "KAI",
        "network:wikidata": "Q2745027",
        "operator": "Kereta Api Indonesia (Persero)",
        "public_transport": "station",
        "railway": "station",
        "railway:ref": "GUB",
        "train": "yes",
        "wikidata": "Q12516259",
        "wikipedia": "id:Stasiun Gubug"
      },
      "geometry": {
        "type": "Point",
        "coordinates": [
          110.669465,
          -7.0610407
        ]
      },
      "id": "node/12189448986"
    },
    {
      "type": "Feature",
      "properties": {
        "@id": "node/12312107836",
        "ele": "6",
        "name": "Tanggulangin",
        "network": "KAI Commuter",
        "network:wikidata": "Q12501611",
        "operator": "Kereta Api Indonesia (Persero)",
        "public_transport": "station",
        "railway": "station",
        "railway:ref": "TGA",
        "train": "yes",
        "wheelchair": "limited",
        "wikidata": "Q12516350",
        "wikipedia": "id:Stasiun Tanggulangin"
      },
      "geometry": {
        "type": "Point",
        "coordinates": [
          112.708077,
          -7.5068966
        ]
      },
      "id": "node/12312107836"
    },
    {
      "type": "Feature",
      "properties": {
        "@id": "node/12312107837",
        "ele": "6",
        "name": "Porong",
        "network": "KAI Commuter",
        "network:wikidata": "Q12501611",
        "operator": "Kereta Api Indonesia (Persero)",
        "public_transport": "station",
        "railway": "station",
        "railway:ref": "PR",
        "train": "yes",
        "wikidata": "Q591061",
        "wikipedia": "id:Stasiun Porong"
      },
      "geometry": {
        "type": "Point",
        "coordinates": [
          112.7017616,
          -7.5383909
        ]
      },
      "id": "node/12312107837"
    },
    {
      "type": "Feature",
      "properties": {
        "@id": "node/12473288093",
        "addr:city": "Kab. Semarang",
        "addr:district": "Jambu",
        "addr:province": "Jawa Tengah",
        "addr:street": "Jalan Ambarawa - Magelang",
        "addr:subdistrict": "Bedono",
        "ele": "711",
        "name": "Bedono",
        "operator": "KAI Wisata",
        "public_transport": "station",
        "railway": "station",
        "railway:ref": "BDN",
        "train": "yes",
        "wikidata": "Q19751359"
      },
      "geometry": {
        "type": "Point",
        "coordinates": [
          110.3531062,
          -7.3092881
        ]
      },
      "id": "node/12473288093"
    },
    {
      "type": "Feature",
      "properties": {
        "@id": "node/12473288095",
        "ele": "479",
        "name": "Jambu",
        "operator": "KAI Wisata",
        "public_transport": "station",
        "railway": "station",
        "railway:ref": "JMB",
        "train": "yes",
        "wikidata": "Q12516263"
      },
      "geometry": {
        "type": "Point",
        "coordinates": [
          110.3689137,
          -7.2798844
        ]
      },
      "id": "node/12473288095"
    },
    {
      "type": "Feature",
      "properties": {
        "@id": "node/12916344059",
        "name": "Stasiun Parungkuda",
        "public_transport": "station",
        "railway": "station",
        "train": "yes"
      },
      "geometry": {
        "type": "Point",
        "coordinates": [
          106.7606078,
          -6.8464838
        ]
      },
      "id": "node/12916344059"
    },
    {
      "type": "Feature",
      "properties": {
        "@id": "node/13063545720",
        "name": "Madu Candhya",
        "network": "Madukismo",
        "operator": "PT Madu Baru",
        "public_transport": "station",
        "railway": "halt",
        "train": "yes"
      },
      "geometry": {
        "type": "Point",
        "coordinates": [
          110.3435678,
          -7.8290177
        ]
      },
      "id": "node/13063545720"
    },
    {
      "type": "Feature",
      "properties": {
        "@id": "node/13063545725",
        "name": "Madukismo",
        "network": "Madukismo",
        "operator": "PT Madu Baru",
        "public_transport": "station",
        "railway": "halt",
        "train": "yes"
      },
      "geometry": {
        "type": "Point",
        "coordinates": [
          110.34626,
          -7.8328807
        ]
      },
      "id": "node/13063545725"
    },
    {
      "type": "Feature",
      "properties": {
        "@id": "node/14080005438",
        "name": "Stasiun Lamongan",
        "public_transport": "station",
        "railway": "station",
        "train": "yes"
      },
      "geometry": {
        "type": "Point",
        "coordinates": [
          112.4202358,
          -7.1125368
        ]
      },
      "id": "node/14080005438"
    },
    {
      "type": "Feature",
      "properties": {
        "@id": "node/14080035388",
        "name": "Stasiun Lamongan",
        "public_transport": "station",
        "railway": "station",
        "train": "yes"
      },
      "geometry": {
        "type": "Point",
        "coordinates": [
          112.4202181,
          -7.1125663
        ]
      },
      "id": "node/14080035388"
    }
  ]
}